2025-05-04,12.6
2025-05-05,6.7
2025-05-06,8.7
2025-05-07,7.8
2025-05-08,6.5
2025-05-09,8.8
2025-05-10,9.2
2025-05-11,8.1
2025-05-12,9.5
2025-05-13,12.0
2025-05-14,13.5
2025-05-15,6.5
2025-05-16,7.2
2025-05-17,7.0
2025-05-18,6.7
2025-05-19,10.0
2025-05-20,15.3
2025-05-21,15.7
2025-05-22,13.3
2025-05-23,10.9
2025-05-24,10.9
2025-05-25,13.3
2025-05-26,13.4
2025-05-27,15.8
2025-05-28,16.4
2025-05-29,14.1
2025-05-30,13.3
2025-05-31,19.5
2025-06-01,20.6
2025-06-02,19.9
2025-06-03,19.5
2025-06-04,22.0
2025-06-05,21.9
2025-06-06,20.9
2025-06-07,17.4
2025-06-08,16.5
2025-06-09,12.3
2025-06-10,15.1
2025-06-11,14.3
2025-06-12,14.8
2025-06-13,12.9
2025-06-14,16.9
2025-06-15,20.5
2025-06-16,17.7
2025-06-17,17.9
2025-06-18,21.1
2025-06-19,17.6
2025-06-20,16.0
2025-06-21,18.2
2025-06-22,22.3
2025-06-23,22.9
2025-06-24,16.9
2025-06-25,18.7
2025-06-26,20.6
2025-06-27,19.1
2025-06-28,19.2
2025-06-29,21.4
2025-06-30,18.0
2025-07-01,19.7
2025-07-02,24.4
2025-07-03,25.8
2025-07-04,18.2
2025-07-05,20.7
2025-07-06,24.2
2025-07-07,19.7
2025-07-08,17.9
2025-07-09,14.2
2025-07-10,16.0
2025-07-11,14.3
2025-07-12,15.7
2025-07-13,17.8
2025-07-14,21.5
2025-07-15,21.2
2025-07-16,19.4
2025-07-17,17.4
2025-07-18,18.3
2025-07-19,18.9
2025-07-20,21.6
2025-07-21,24.3
2025-07-22,20.8
2025-07-23,18.7
2025-07-24,20.6
2025-07-25,20.7
2025-07-26,22.2
2025-07-27,20.0
2025-07-28,16.8
2025-07-29,17.3
2025-07-30,18.1
2025-07-31,16.6
2025-08-01,17.1
2025-08-02,20.3
2025-08-03,19.0
2025-08-04,18.0
2025-08-05,19.2
2025-08-06,16.2
2025-08-07,17.4
2025-08-08,19.9
2025-08-09,21.6
2025-08-10,21.1
2025-08-11,18.0
2025-08-12,19.5
2025-08-13,23.9
2025-08-14,25.4
2025-08-15,26.0
2025-08-16,23.0
2025-08-17,18.8
2025-08-18,15.4
2025-08-19,17.4
2025-08-20,18.4
2025-08-21,16.3
2025-08-22,15.0
2025-08-23,13.2
2025-08-24,12.9
2025-08-25,13.7
2025-08-26,15.1
2025-08-27,17.7
2025-08-28,24.0
2025-08-29,24.1
2025-08-30,20.0
2025-08-31,20.3
2025-09-01,20.1
2025-09-02,22.0
2025-09-03,18.0
2025-09-04,20.7
2025-09-05,23.1
2025-09-06,16.3
2025-09-07,15.0
2025-09-08,18.3
2025-09-09,19.2
2025-09-10,19.5
2025-09-11,17.7
2025-09-12,16.4
2025-09-13,15.9
2025-09-14,15.2
2025-09-15,16.4
2025-09-16,16.4
2025-09-17,12.9
2025-09-18,14.1
2025-09-19,17.9
2025-09-20,20.8
2025-09-21,22.7
2025-09-22,15.8
2025-09-23,11.3
2025-09-24,10.8
2025-09-25,10.2
2025-09-26,10.7
2025-09-27,11.1
2025-09-28,9.9
2025-09-29,9.2
2025-09-30,7.7
2025-10-01,8.5
2025-10-02,4.9
2025-10-03,4.6
2025-10-04,7.0
2025-10-05,9.5
2025-10-06,9.2
2025-10-07,10.5
2025-10-08,9.7
2025-10-09,11.1
2025-10-10,10.8
2025-10-11,11.3
2025-10-12,10.1
2025-10-13,7.2
2025-10-14,6.6
2025-10-15,5.8
2025-10-16,8.9
2025-10-17,9.9
2025-10-18,6.1
2025-10-19,5.4
2025-10-20,5.5
2025-10-21,6.3
2025-10-22,11.1
2025-10-23,14.1
2025-10-24,9.5
2025-10-25,7.7
2025-10-26,7.9
2025-10-27,6.2
2025-10-28,7.0
2025-10-29,9.1
2025-10-30,9.3
2025-10-31,7.1
2025-11-01,8.9
2025-11-02,11.6
2025-11-03,9.5
2025-11-04,7.4
2025-11-05,7.5
2025-11-06,8.1
2025-11-07,7.2
2025-11-08,4.7
2025-11-09,6.9
2025-11-10,6.1
2025-11-11,6.8
2025-11-12,7.2
2025-11-13,7.7
2025-11-14,8.7
2025-11-15,5.0
2025-11-16,6.0
2025-11-17,4.4
2025-11-18,2.2
2025-11-19,1.6
2025-11-20,1.6
2025-11-21,0.2
2025-11-22,-1.7
2025-11-23,-2.3
2025-11-24,-1.7
2025-11-25,0.6
2025-11-26,-0.3
2025-11-27,-0.1
2025-11-28,-2.4
2025-11-29,-2.2
2025-11-30,-1.5
2025-12-01,0.0
2025-12-02,1.6
2025-12-03,3.1
2025-12-04,2.7
2025-12-05,4.7
2025-12-06,5.5
2025-12-07,4.2
2025-12-08,5.7
2025-12-09,9.2
2025-12-10,9.1
2025-12-11,8.7
2025-12-12,5.7
2025-12-13,2.9
2025-12-14,4.3
2025-12-15,1.7
2025-12-16,-0.6
2025-12-17,2.1
2025-12-18,1.6
2025-12-19,2.6
2025-12-20,3.0
2025-12-21,2.8
2025-12-22,0.4
2025-12-23,0.7
2025-12-24,-6.9
2025-12-25,-9.6
2025-12-26,-4.6
2025-12-27,-1.0
2025-12-28,-0.1
2025-12-29,-0.9
2025-12-30,-2.6
2025-12-31,-3.5
2026-01-01,-0.4
2026-01-02,0.5
2026-01-03,-1.0
2026-01-04,-1.9
2026-01-05,-3.6
2026-01-06,-7.0
2026-01-07,-6.8
2026-01-08,-8.2
2026-01-09,-10.1
2026-01-10,-9.8
2026-01-11,-3.1
2026-01-12,-5.0
2026-01-13,-5.0
2026-01-14,-1.7
2026-01-15,1.5
2026-01-16,0.8
2026-01-17,-1.7
2026-01-18,-6.5
2026-01-19,-6.6
2026-01-20,-4.2
2026-01-21,-3.1
2026-01-22,-5.9
2026-01-23,-7.3
2026-01-24,-5.5
2026-01-25,-3.8
2026-01-26,0.5
2026-01-27,0.0
2026-01-28,-1.1
2026-01-29,-3.3
2026-01-30,-4.9
2026-01-31,-11.2
2026-02-01,-13.5
2026-02-02,-14.7
2026-02-03,-11.8
2026-02-04,-7.1
2026-02-05,-2.4
2026-02-06,0.6
2026-02-07,0.0
2026-02-08,-1.5
2026-02-09,-4.5
2026-02-10,-1.7
2026-02-11,2.5
2026-02-12,4.8
2026-02-13,3.4
2026-02-14,-1.9
2026-02-15,-5.4
2026-02-16,-8.1
2026-02-17,-3.6
2026-02-18,-3.2
2026-02-19,-6.5
2026-02-20,-5.3
2026-02-21,-2.4
2026-02-22,4.4
2026-02-23,6.3
2026-02-24,3.1
2026-02-25,0.5
2026-02-26,1.2
2026-02-27,6.5
2026-02-28,8.6
2026-03-01,7.4
2026-03-02,4.4
2026-03-03,5.2
2026-03-04,5.4
2026-03-05,2.9
2026-03-06,3.6
2026-03-07,6.6
2026-03-08,7.4
2026-03-09,9.4
2026-03-10,9.7
2026-03-11,10.8
2026-03-12,8.9
2026-03-13,9.7
2026-03-14,11.9
2026-03-15,9.5
2026-03-16,5.9
2026-03-17,5.4
2026-03-18,7.0
2026-03-19,5.9
2026-03-20,5.0
2026-03-21,5.7
2026-03-22,8.7
2026-03-23,10.3
2026-03-24,10.1
2026-03-25,10.4
2026-03-26,6.0
2026-03-27,5.1
2026-03-28,7.4
2026-03-29,7.3
2026-03-30,6.9
2026-03-31,6.4
2026-04-01,6.3
2026-04-02,7.1
2026-04-03,6.1
2026-04-04,8.0
2026-04-05,10.9
2026-04-06,7.8
2026-04-07,6.1
2026-04-08,4.0
2026-04-09,2.7
2026-04-10,4.5
2026-04-11,5.8
2026-04-12,7.1
2026-04-13,8.8
2026-04-14,10.3
2026-04-15,11.1
2026-04-16,10.1
2026-04-17,10.9
2026-04-18,10.0
2026-04-19,13.4
2026-04-20,8.0
2026-04-21,8.4
2026-04-22,9.2
2026-04-23,11.5
2026-04-24,9.8
2026-04-25,11.5
2026-04-26,7.1
2026-04-27,7.9
2026-04-28,6.3
2026-04-29,4.5
2026-04-30,6.6
2026-05-01,13.7
2026-05-02,15.5
2026-05-03,19.2
2026-05-04,19.9
2026-05-05,20.9
2026-05-06,18.6
2026-05-07,11.9
2026-05-08,8.9
2026-05-09,10.6
2026-05-10,13.5
2026-05-11,14.4
2026-05-12,10.0
2026-05-13,8.5
2026-05-14,12.4
2026-05-15,12.1
2026-05-16,10.7
2026-05-17,11.6
2026-05-18,11.9
2026-05-19,12.7
2026-05-20,15.7
2026-05-21,15.7
2026-05-22,16.1
2026-05-23,16.9
2026-05-24,19.1
2026-05-25,19.1
2026-05-26,21.4
2026-05-27,19.3
2026-05-28,14.5
2026-05-29,15.5
2026-05-30,15.8
2026-05-31,16.9
2026-06-01,16.7
2026-06-02,17.7
2026-06-03,19.3
2026-06-04,18.1
2026-06-05,16.0
2026-06-06,17.2
2026-06-07,18.7
2026-06-08,18.1
2026-06-09,19.6
2026-06-10,14.1
2026-06-11,12.3
2026-06-12,15.3
2026-06-13,14.4
2026-06-14,12.4
2026-06-15,13.1
2026-06-16,14.4
2026-06-17,15.5
2026-06-18,18.9
2026-06-19,22.1
2026-06-20,26.3
2026-06-21,24.3
2026-06-22,23.0
2026-06-23,20.6
2026-06-24,20.7
2026-06-25,24.1
2026-06-26,25.3
2026-06-27,29.3
2026-06-28,31.7
2026-06-29,30.3
2026-06-30,26.9
