LP.;Kod 9-znakowy;Nazwa stacji;Rzeka;Rok założenia;Szerokość geograficzna;Długość geograficzna;Wysokość n.p.m.
1;249170080;Dzierżkowice;Opawa (112);2024;49 59 32;17 50 47;270
2;249180010;Pszczyna;Pszczynka (2116);1954;49 59 44;18 55 09;270
3;249180020;Warszowice;Pszczynka (2116);1946;49 59 31;18 42 20;270
4;249180030;Chałupki;Odra (1);1948;49 55 33;18 19 39;198
5;249180070;Mazańcowice;Wapienica (21128);;49 51 45;18 58 10;269
6;249180090;Rudzica;Iłownica (2112);1948;49 51 12;18 52 57;337
7;249180130;Cieszyn;Olza (114);;49 45 15;18 38 54;295
8;249180150;Wapienica;Wapienica (21128);2006;49 46 25;18 58 24;456
9;249180160;BRENNA;Brennica (21114);1984;49 45 13;18 52 15;350
10;249180170;Błatnia;Brennica (21114);2005;49 44 49;18 56 33;882
11;249180180;Równica, wieś;Wisła (2);1929;49 43 11;18 51 09;768
12;249180210;SZCZYRK;Żylica (213274);1949;49 42 20;19 01 17;593
13;249180220;CZANTORIA;Wisła (2);2005;49 41 00;18 49 11;842
14;249180230;WISŁA;Wisła (2);1947;49 39 17;18 51 41;430
15;249180240;WISŁA-MALINKA;Wisła (2);1956;49 38 41;18 58 03;685
16;249180260;ISTEBNA-KUBALONKA;Olza (114);1974;49 36 13;18 54 04;780
17;249180270;Istebna Młoda-Góra;Olza (114);1949;49 34 50;18 51 43;786
18;249180280;ISTEBNA-STECÓWKA;Olza (114);1948;49 35 07;18 56 25;735
19;249180390;BRENNA Leśnica;Brennica (21114);2005;49 42 36;18 54 11;426
20;249180410;ISTEBNA-WIEŚ;Olza (114);2005;49 34 08;18 53 32;578
21;249180520;RUDZICA;Iłownica (2112);2005;49 51 14;18 52 51;345
22;249180530;ISTEBNA-STECÓWKA;Olza (114);2005;49 35 05;18 56 16;725
23;249180550;Cieszyn;Olza (114);2019;49 46 30;18 36 33;255
24;249180570;Międzyrzecze Górne;Wapienica (21128);2023;49 50 22;18 55 42;312
25;249180580;Goczałkowice-Zdrój;Wisła (2);2023;49 56 18;18 56 02;259
26;249180590;Ruptawa;Olza (114);2023;49 56 12;18 35 22;230
27;249180620;Kończyce Małe;Piotrówka (1146);2023;49 51 08;18 38 20;242
28;249180630;Kiczyce;Wisła (2);2023;49 49 18;18 47 59;283
29;249180640;Brenna-Brennica;Brennica (21114);;49 43 24;18 54 27;403
30;249190010;JAWISZOWICE;Wisła (2);1946;49 57 35;19 08 31;260
31;249190030;LIBERTÓW;Wilga (21372);1950;49 58 21;19 53 42;318
32;249190050;RADZISZÓW;Skawinka (21356);1947;49 56 23;19 48 33;222
33;249190060;SIEPRAW;Skawinka (21356);1948;49 54 17;19 57 53;267
34;249190080;WADOWICE;Skawa (2134);;49 52 55;19 31 07;259
35;249190090;INWAŁD;Wieprzówka (21348);1975;49 52 02;19 23 19;350
36;249190130;MIĘDZYBRODZIE BIALSKIE;Soła (2132);1956;49 47 22;19 11 46;328
37;249190140;LESKOWIEC;Skawa (2134);1950;49 47 44;19 26 48;872
38;249190150;STRÓŻA;Raba (2138);1946;49 47 47;19 55 03;330
39;249190170;BOGDANÓWKA;Krzczonówka (213836);1974;49 45 34;19 47 17;812
40;249190190;MAKÓW PODH.;Skawa (2134);1948;49 43 14;19 40 31;416
41;249190210;ŁODYGOWICE;Żylica (213274);1949;49 43 27;19 09 37;375
42;249190220;ŚLEMIEŃ;Łękawica (13498);1965;49 43 03;19 21 11;447
43;249190230;Lubień;Lubieńka (213834);1946;49 43 15;19 58 12;429
44;249190240;LACHOWICE KRALE;Stryszawka (21346);1974;49 41 18;19 25 04;616
45;249190270;Osielec;Skawa (2134);1948;49 40 44;19 44 20;439
46;249190280;KRZECZÓW;Lubieńka (213834);1949;49 41 01;19 54 36;548
47;249190290;Lipowa;Soła (2132);1969;49 39 58;19 04 36;530
48;249190310;Pewel Mała;Koszarawa (21324);1970;49 39 39;19 18 21;425
49;249190320;LUBOŃ WIELKI;Lubieńka (213834);1949;49 39 12;19 59 32;1021
50;249190340;KOSZARAWA;Soła (2132);;49 39 21;19 24 16;595
51;249190350;ZAWOJA;Skawica (21344);1956;49 36 42;19 31 07;697
52;249190380;Kamesznica;Bystra (213232);1948;49 34 12;19 03 52;470
53;249190390;MARKOWE SZCZAWINY;Skawica (21344);2005;49 35 15;19 30 59;1193
54;249190410;MILÓWKA;Soła (2132);1954;49 33 33;19 04 46;485
55;249190420;Żabnica;Żabniczanka (213234);1946;49 33 39;19 11 15;585
56;249190430;SOPOTNIA WIELKA;Koszarawa (21324);1974;49 34 54;19 17 58;745
57;249190440;KORBIELÓW;Koszarawa (21324);1949;49 34 07;19 20 54;650
58;249190460;SPYTKOWICE GÓRNE;Skawa (2134);1968;49 33 52;19 45 42;639
59;249190470;Raba Wyżna;Raba (2138);1951;49 34 00;19 53 03;535
60;249190480;LALIKI;Soła (2132);1975;49 32 41;19 00 58;680
61;249190520;OBIDOWA;Raba (2138);1949;49 32 48;19 57 37;805
62;249190530;PILSKO;Koszarawa (21324);2005;49 32 28;19 19 06;1278
63;249190540;RAJCZA;Soła (2132);1947;49 30 22;19 06 19;495
64;249190560;JABŁONKA;Piekielnik (82224);1947;49 28 20;19 41 45;614
65;249190610;RATUŁÓW;Wielki Rogoźnik (214116);1990;49 23 30;19 53 01;679
66;249190620;BAŃSKA WYŻNA;Biały Dunajec (21412);1947;49 23 03;19 58 24;896
67;249190630;WITÓW;Dunajec (214);1995;49 19 39;19 49 30;822
68;249190640;NOWE BYSTRE;Wielki Rogoźnik (214116);1947;49 19 56;19 55 45;870
69;249190660;KOŚCIELISKO-KIRY;Kirowa Woda (214112);1945;49 16 43;19 51 57;919
70;249190670;POLANA CHOCHOŁ.;Dunajec (214);1970;49 14 13;19 47 19;1145
71;249190680;HALA ORNAK;Kirowa Woda (214112);1949;49 13 45;19 51 34;1109
72;249190750;Soblówka;Woda Ujsolska (21322);2002;49 26 15;19 08 54;702
73;249190770;Straconka;Biała (2114);2005;49 47 38;19 06 26;450
74;249190780;Gubałówka;Biały Dunajec (21412);2005;49 18 20;19 55 47;1123
75;249190790;Ratułów;Wielki Rogoźnik (214116);2005;49 23 30;19 53 03;679
76;249190810;Kalwaria Zebrzydowska.;Cedron (213568);2006;49 52 12;19 41 07;312
77;249190820;Koszarawa;Koszarawa (21324);2006;49 40 20;19 24 50;671
78;249190830;Kościelisko-Kiry;Kirowa Woda (214112);2005;49 16 40;19 52 15;933
79;249190840;Rajcza;Soła (2132);2006;49 30 29;19 06 55;505
80;249190850;Rycerka Górna;Soła (2132);2006;49 25 33;19 00 29;720
81;249190860;Soblówka;Woda Ujsolska (21322);2006;49 27 24;19 08 43;620
82;249190870;Ślemień;Łękawica (13498);2006;49 42 57;19 22 28;480
83;249190880;Wadowice;Skawa (2134);2006;49 52 38;19 30 40;265
84;249190890;RADZIECHOWY ;Soła (2132);2008;49 38 55;19 09 20;395
85;249190920;LIPNICA WIELKA;Czarna Orawa (8222);2013;49 32 16;19 32 43;819
86;249190960;Budzów;Paleczka (2134732);2023;49 46 26;19 39 34;342
87;249190970;Sidzina;Bystrzanka (21342);2023;49 37 10;19 43 37;546
88;249190980;Sucha Beskidzka;Skawa (2134);2023;49 45 14;19 36 21;324
89;249190990;Jordanów;Skawa (2134);2024;49 38 35;19 50 30;534
90;249191020;Skawica;Skawica (21344);2024;49 41 11;19 40 01;409
91;249191030;Kopytówka;Wisła (2);2024;49 56 01;19 38 10;309
92;249191040;Rycerka Górna II;Soła (2132);2026;49 26 26;19 00 43;679
93;249200020;ŁAZY;Wisła (2);1988;49 57 55;20 29 43;245
94;249200050;STRADOMKA;Stradomka (21388);2006;49 55 15;20 18 33;226
95;249200060;Gnojnik;Uszwica (21396);1996;49 53 43;20 35 18;310
96;249200070;DOBCZYCE;Raba (2138);1947;49 52 39;20 04 14;308
97;249200080;Łapanów;Stradomka (21388);1951;49 52 31;20 17 01;265
98;249200110;JODŁOWNIK;Stradomka (21388);1974;49 46 15;20 13 29;384
99;249200120;ROZDZIELE;Stradomka (21388);1946;49 47 07;20 24 58;627
100;249200130;JASTRZĘBIA;Biała (2148);1977;49 47 11;20 53 47;288
101;249200140;WĘGLÓWKA;Raba (2138);1946;49 45 01;20 04 28;512
102;249200180;LIMANOWA;Łososina (21472);1951;49 41 37;20 25 06;515
103;249200210;PÓŁRZECZKI;Łososina (21472);1946;49 39 09;20 12 54;650
104;249200220;ROZTOKA;Dunajec (214);2006;49 38 25;20 23 00;815
105;249200230;GRYBÓW;Biała (2148);1947;49 37 11;20 56 53;335
106;249200240;PTASZKOWA;Biała (2148);1953;49 36 01;20 53 12;520
107;249200250;JASIONÓW;Raba (2138);1973;49 35 23;20 01 33;742
108;249200260;ŁĄCKO;Dunajec (214);1954;49 33 35;20 26 22;366
109;249200270;TURBACZ;Dunajec (214);2005;49 32 41;20 07 05;1273
110;249200280;ŁABOWA;Kamienica (21432);1992;49 31 34;20 51 31;455
111;249200290;OCHOTNICA GÓRNA;Dunajec (214);;49 30 37;20 14 41;617
112;249200310;KOWANIEC;Dunajec (214);1946;49 29 27;20 02 49;623
113;249200320;ŁOPUSZNA;Dunajec (214);;49 28 27;20 07 25;570
114;249200330;STUDZIONKI;Dunajec (214);1967;49 29 43;20 12 43;904
115;249200340;DĘBNO;Białka (214154);1990;49 27 57;20 12 34;536
116;249200350;HUTA;Poprad (2142);1948;49 27 54;20 57 24;756
117;249200360;MIZERNA;Dunajec (214);1967;49 27 19;20 16 55;570
118;249200370;KROŚCIENKO;Dunajec (214);1956;49 26 44;20 25 54;435
119;249200380;SZAFLARY;Biały Dunajec (21412);1947;49 25 29;20 01 51;643
120;249200420;NIEDZICA;Niedziczanka (214172);1997;49 25 04;20 18 57;534
121;249200440;JAWORZYNA KRYNIC.;Poprad (2142);2006;49 25 04;20 53 43;1110
122;249200450;BIAŁKA TATRZAŃSKA;Białka (214154);1947;49 24 44;20 06 26;680
123;249200470;KRYNICA;Poprad (2142);1867;49 24 28;20 57 39;582
124;249200480;BUKOWINA;Białka (214154);1948;49 20 15;20 05 54;902
125;249200490;MUSZYNA;Poprad (2142);1956;49 20 59;20 53 11;445
126;249200530;ŁYSA POLANA;Białka (214154);2006;49 15 49;20 06 54;970
127;249200540;HALA GĄSIENICOWA;Dunajec (214);;49 14 38;20 00 21;1523
128;249200550;DOLINA 5 STAWÓW;Dunajec (214);1949;49 12 49;20 02 52;1674
129;249200570;TRZEMEŚNIA;Raba (2138);1948;49 48 45;20 00 46;347
130;249200910;MORSKIE OKO;Rybi Potok (2141542);2005;49 12 04;20 04 17;1400
131;249200920;PIWNICZNA;Poprad (2142);2006;49 25 30;20 43 23;380
132;249200930;PORONIN;Poroniec (214128);2005;49 19 49;20 02 07;776
133;249200950;Szaflary;Biały Dunajec (21412);2006;49 24 58;20 01 31;636
134;249200960;NOWY TARG-KOWANIEC;Dunajec (214);2006;49 29 11;20 03 18;590
135;249200980;MSZANA DOLNA;Raba (2138);2012;49 39 49;20 03 16;440
136;249200990;WRONOWICE;Łososina (21472);2012;49 44 11;20 35 26;270
137;249201010;SIERCZA;Wilga (21372);2012;49 58 21;20 02 02;336
138;249201020;Ostrowsko;Dunajec (214);2024;49 28 48;20 05 38;568
139;249201030;Dobra;Łososina (214734);2023;49 43 39;20 16 24;427
140;249201040;Białka Tatrzańska;Białka (21142);2024;49 24 27;20 06 07;
141;249201050;Królówka;Stradomka (21388);2023;49 53 14;20 26 00;291
142;249201060;Tylmanowa;Ochotnica (2141976);2023;49 31 05;20 23 15;404
143;249210010;PILZNO;Wisłoka (218);1946;49 59 14;21 18 30;195
144;249210030;TUCHÓW;Biała (2148);1946;49 54 14;21 02 51;220
145;249210040;ŻARNOWA;Wisłok (226);2024;49 52 40;21 48 59;220
146;249210070;BIECZ-GRUDNA;Ropa (2182);1975;49 44 07;21 17 44;285
147;249210080;JASŁO;Jasiołka (2184);1995;49 44 08;21 29 06;228
148;249210090;GORLICE;Sękówka (21826);1946;49 39 19;21 10 16;300
149;249210120;NOWY ŻMIGRÓD;Wisłoka (218);1948;49 36 42;21 32 00;300
150;249210130;Zboiska;Jasiołka (2184);1986;49 34 27;21 41 50;320
151;249210140;DUKLA;Jasiołka (2184);1946;49 34 01;21 40 50;385
152;249210150;IWONICZ-ZDRÓJ;Lubatówka (22632);1947;49 34 02;21 47 18;425
153;249210160;ORZECHÓWKA;Wisłok (226);1996;49 43 00;21 57 41;310
154;249210170;BARTNE;Sękówka (21826);1945;49 33 31;21 20 44;540
155;249210180;KREMPNA;Wisłoka (218);1948;49 30 59;21 29 27;380
156;249210190;WISŁOCZEK;Wisłok (226);1983;49 30 03;21 51 56;520
157;249210210;PUŁAWY DOLNE;Wisłok (226);1983;49 29 24;21 54 26;395
158;249210220;WYSZOWADKA;Wisłoka (218);1980;49 27 14;21 25 15;506
159;249210230;WYSOWA;Ropa (2182);1951;49 26 17;21 10 21;519
160;249210240;BARWINEK;Jasiołka (2184);1951;49 25 52;21 41 05;465
161;249210250;JAŚLISKA;Jasiołka (2184);1955;49 26 24;21 48 36;440
162;249210260;TYLICZ;Poprad (2142);1945;49 23 32;21 00 32;585
163;249210270;WISŁOK WIELKI;Wisłok (226);1948;49 22 43;21 59 57;540
164;249210280;Kunkowa;Przysłopianka (218232);1991;49 33 00;21 07 29;413
165;249210340;Krempna;Wisłoka (218);2006;49 30 59;21 29 03;380
166;249210350;Moszczaniec;Wisłok (226);2023;49 25 20;21 54 46;467
167;249210370;Ropica Górna;Sękówka (21826);2023;49 35 46;21 13 53;357
168;249210390;Uście Gorlickie;Ropa (2182);2024;49 31 37;21 07 55;398
169;249210420;Smerekowiec;Zdynia (218234);2023;49 30 19;21 14 02;451
170;249220010;KAŃCZUGA;Mleczka (2268);1949;49 59 07;22 24 26;215
171;249220040;DYNÓW;San (22);1952;49 50 07;22 14 06;249
172;249220060;BIRCZA;San (22);1956;49 41 14;22 28 52;324
173;249220070;RYBOTYCZE;Wiar (224);1948;49 39 16;22 38 24;289
174;249220080;SANOK-TREPCZA;San (22);1945;49 35 05;22 11 07;307
175;249220110;NOWOTANIEC;Pielnica (22618);1954;49 30 28;22 01 31;405
176;249220120;LESZCZOWATE;San (22);1954;49 30 26;22 32 52;486
177;249220130;Brzegi Dolne;Strwiąż (76);1992;49 26 36;22 37 16;438
178;249220140;SZCZAWNE;Osława (222);1953;49 23 56;22 08 49;395
179;249220150;SOLINA-JAWOR;San (22);1964;49 24 00;22 28 06;459
180;249220160;TELEŚNICA OSZWAROWA;San (22);1955;49 22 49;22 31 52;449
181;249220170;BALIGRÓD-MCHAWA;Hoczewka (2218);1953;49 21 14;22 17 01;430
182;249220180;KOMAŃCZA;Osława (222);1951;49 20 21;22 03 48;478
183;249220190;SAKOWCZYK;San (22);1964;49 18 53;22 26 51;561
184;249220210;TERKA;Solinka (2212);;49 17 50;22 25 37;446
185;249220220;POLANA;Czarna (22132);1964;49 18 12;22 34 36;458
186;249220230;LUTOWISKA;San (22);1955;49 14 35;22 41 00;666
187;249220240;ŻUBRACZE;Solinka (22134);1999;49 12 32;22 16 18;623
188;249220250;CISNA;Solinka (2212);1953;49 12 46;22 19 52;549
189;249220260;DWERNIK;San (22);;49 13 15;22 38 02;543
190;249220270;KALNICA;Wetlina (22126);1985;49 11 50;22 25 27;577
191;249220280;STUPOSIANY;Wołosaty (22114);1974;49 11 30;22 40 59;547
192;249220290;ROZTOKI GÓRNE;Solinka (22134);1973;49 09 12;22 18 52;700
193;249220310;WETLINA;Wetlina (221346);1955;49 08 41;22 28 19;708
194;249220320;POŁONINA WETLIŃSKA;Wetlina (221346);2005;49 09 28;22 33 06;1226
195;249220330;TARNAWA  NIŻNA;San (22);2005;49 07 29;22 47 29;708
196;249220340;WOŁOSATE;Wołosaty (22114);2005;49 03 51;22 41 09;752
197;249220350;WYŻNIAŃSKI WIERCH;San (22);2005;49 07 19;22 35 09;913
198;249220360;BUKOWIEC ;Solinka (2212);2019;49 18 21;22 24 49;435
199;249220370;Zatwarnica;San (22);2023;49 12 57;22 33 08;
200;250140010;Wyszków;Nysa Łużycka (174);1973;50 57 55;14 59 37;330
201;250140020;Sieniawka;Nysa Łużycka (174);1949;50 53 37;14 50 07;234
202;250140030;Bogatynia;Miedzianka (17416);1947;50 53 59;14 58 50;290
203;250150030;Pobiedna;Łużyca (166324);1948;50 57 07;15 18 31;409
204;250150050;Pilchowice;Bóbr (16);1947;50 57 46;15 38 24;251
205;250150060;Rębiszów;Skitnica (166246);1948;50 57 06;15 26 56;420
206;250150080;Stara Kamienica;Kamienica (1632);1946;50 55 01;15 34 27;374
207;250150090;Świeradów-Zdrój;Kwisa (166);;50 53 54;15 21 31;510
208;250150110;Kaczorów;Kaczawa (138);1946;50 54 32;15 56 09;491
209;250150130;Ciechanowice;Bóbr (16);1946;50 52 02;15 58 38;405
210;250150150;Szklarska Poręba;Kamieńczyk (1622);1947;50 50 04;15 31 45;648
211;250150170;Jakuszyce;Kamienna (162);1994;50 49 23;15 26 31;855
212;250150180;Jagniątków;Wrzosówka (1628);1946;50 49 12;15 36 43;549
213;250150190;Kowary;Jedlica (16188);1948;50 48 13;15 49 27;430
214;250150210;Przesieka;Podgórna (16288);1946;50 47 56;15 40 02;646
215;250150220;Karpacz;Skałka (161844);1945;50 46 44;15 46 10;567
216;250150240;Paczyn;Bachorzyna (161154);1955;50 44 23;15 54 41;643
217;250150250;Paprotki;Bachorzyna (161154);1956;50 43 36;15 56 53;543
218;250150260;Bukówka;Bóbr (16);1955;50 42 46;15 57 26;511
219;250150340;Borowice;Kacza (162886);2007;50 47 21;15 41 24;660
220;250150350;Podgórzyn;Podgórna (16288);2007;50 49 32;15 41 15;385
221;250150510;Mirsk;Czarny Potok (16632);2014;50 59 13;15 23 00;338
222;250150530;Świeradów-Zdrój II;Kwisa (166);2020;50 54 21;15 19 32;595
223;250150540;Czernica;Biały Potok (16344);2024;50 58 28;15 43 03;299
224;250150550;Szrenica;Bóbr (16);2023;50 47 27;15 30 44;1327
225;250150560;Mała Kopa;Łomniczka (16184);2023;50 44 37;15 43 34;1341
226;250150570;Mysłów;Mokrzyna (13812);2025;50 55 57;15 58 59;464
227;250150580;Jarkowice;Bóbr (16);2024;50 44 11;15 52 25;650
228;250150590;Niedamirów;Bóbr (16);2024;50 41 28;15 52 14;685
229;250160010;Strzegom;Strzegomka (1348);1949;50 57 50;16 22 35;211
230;250160030;Bolków;Nysa Szalona (1384);1949;50 55 30;16 05 55;310
231;250160060;Sobótka;Czarna Woda (1346);1946;50 54 08;16 45 34;156
232;250160070;Borów;Ślęza (1336);1947;50 52 56;16 59 24;145
233;250160090;Pszenno;Piława (1344);1979;50 51 41;16 31 43;223
234;250160120;Lubomin;Dopływ z Lubomina (134822);1949;50 48 13;16 11 45;464
235;250160130;Szczawno-Zdrój;Szczawnik (134864);1948;50 48 24;16 14 28;431
236;250160150;Kamienna Góra;Bóbr (16);1946;50 47 34;16 02 10;464
237;250160170;Lubachów;Bystrzyca (134);1963;50 45 50;16 25 43;305
238;250160190;Boguszów-Gorce;Lesk (1616);1949;50 44 58;16 11 24;518
239;250160220;Jedlina-Zdrój;Jedlina (13416);2011;50 43 07;16 20 57;436
240;250160260;Dzierżoniów;Piława (1344);1946;50 44 36;16 37 27;252
241;250160270;Walim;Walimka (13418);;50 42 10;16 26 21;489
242;250160290;Chełmsko Śląskie;Zadrna (1614);1947;50 40 15;16 04 12;498
243;250160310;Mieroszów;Ścinawka (122);1946;50 39 45;16 10 33;493
244;250160320;Ostroszowice;Jadkowa (12322);1947;50 38 46;16 37 57;373
245;250160350;Srebrna Góra;Budzówka (1232);;50 34 38;16 39 53;405
246;250160360;Tarnów;Budzówka (1232);1974;50 34 31;16 47 34;296
247;250160410;Bardo;Nysa Kłodzka (12);1946;50 30 33;16 44 39;321
248;250160450;Kudowa-Zdrój;Klikawa (946);1946;50 26 17;16 13 19;364
249;250160480;Słoszów;Wapienny (12182);1974;50 24 36;16 22 46;556
250;250160490;Polanica-Zdrój;Bystrzyca Dusznicka (1218);1946;50 25 31;16 31 06;389
251;250160510;Ołdrzychowice Kłodzkie;Biała Lądecka (1216);1949;50 21 24;16 44 05;349
252;250160520;Lądek-Zdrój;Biała Lądecka (1216);1948;50 20 21;16 51 27;450
253;250160530;Zieleniec;Bystrzyca Dusznicka (1218);;50 19 48;16 23 39;840
254;250160560;Stronie Śląskie;Biała Lądecka (1216);1948;50 18 09;16 51 58;502
255;250160580;Spalona;Bystrzyca (1214);1955;50 16 36;16 32 18;815
256;250160590;Długopole-Zdrój;Nysa Kłodzka (12);1949;50 14 59;16 38 00;364
257;250160610;Bolesławów;Morawka (12162);1973;50 15 17;16 53 27;602
258;250160620;Kamienica;Kamienica (121624);1972;50 13 38;16 53 03;682
259;250160630;Międzygórze;Wilczka (1212);1948;50 13 07;16 46 25;795
260;250160650;Międzylesie;Nysa Kłodzka (12);1946;50 09 12;16 40 15;453
261;250160840;Szalejów Górny;Bystrzyca Dusznicka (1218);2014;50 25 50;16 33 09;335
262;250160910;SREBRNA GÓRA II;Budzówka (1232);2022;50 34 51;16 40 06;380
263;250160920;Piława Górna;Piława (1344);2023;50 41 22;16 43 57;296
264;250160930;Karłów;Czerwona Woda (121848);2024;50 28 27;16 20 13;753
265;250160940;Nowa Wieś;Nowinka (121146);2024;50 11 52;16 44 42;555
266;250160950;Kwietniki;Nysa Mała (13846);2023;50 58 01;16 08 34;256
267;250160960;Stary Gierałtów;Biała Lądecka (1216);2024;50 18 36;16 55 03;535
268;250160970;Śnieżnik;Wilczka (1212);2023;50 12 30;16 49 57;1218
269;250160980;Wolibórz;Ścinawka (122);2023;50 35 26;16 34 41;518
270;250161020;ZIELENIEC II;Bystrzyca Dusznicka (1218);2022;50 20 40;16 23 57;721
271;250161030;Rzeczka;Walimka (13418);2023;50 40 36;16 26 51;624
272;250161040;Złoty Stok;Nysa Kłodzka (12);2024;50 25 47;16 51 02;536
273;250161060;Łomnica;Bystrzyca (134);2024;50 40 20;16 19 42;570
274;250161070;Jodłów;Nysa Kłodzka (12);2024;50 10 22;16 46 16;828
275;250161080;Starkówek;Nysa Kłodzka (12);2024;50 22 24;16 31 05;484
276;250161090;Wolbromek;Nysa Szalona (1384);2024;50 55 47;16 07 38;290
277;250161110;Golińsk;Ścinawka (122);2025;50 38 49;16 12 12;493
278;250170110;Dobrogoszcz;Pluskawa (133646);1955;50 45 31;17 01 02;175
279;250170250;Otmuchów;Nysa Kłodzka (12);;50 28 20;17 09 59;212
280;250170290;Dziewiętlice;Świdna (12548);1946;50 24 41;17 05 03;241
281;250170330;Głuchołazy;Biała Głuchołaska (1258);1945;50 18 08;17 23 14;348
282;250170340;Jarnołtówek;Złoty Potok (117644);1946;50 17 17;17 26 17;346
283;250170390;Głubczyce;Psina (1152);1946;50 10 55;17 47 41;290
284;250170540;RACŁAWICE ŚLĄSKIE;Osobłoga (1176);2007;50 18 39;17 45 41;227
285;250170770;Unikowice;Nysa Kłodzka (12);2024;50 26 33;17 00 31;248
286;250170780;Dobieszów;Troja (11526);2023;50 10 25;17 42 34;303
287;250170790;Wojnowice;Troja (11526);2024;50 08 01;17 52 06;283
288;250170810;Branice;Opawa (112);2024;50 03 04;17 46 33;290
289;250170840;Meszno;Nysa Kłodzka (12);2023;50 25 57;17 08 29;213
290;250170850;Kujawy;Osobłoga (1176);2023;50 26 13;17 48 14;180
291;250170860;Przylesie;Oława (1334);2024;50 46 56;17 20 59;164
292;250170870;Opole-WIK;Odra (1);2024;50 40 52;17 54 04;149
293;250170880;Borek Strzeliński;Ślęza (1336);2025;50 52 08;17 05 19;146
294;250180110;Dobrodzień;Myślinka (118384);1947;50 43 45;18 25 32;227
295;250180190;Krupski Młyn;Mała Panew (118);1955;50 34 09;18 37 24;225
296;250180210;Zielona;Mała Panew (118);1946;50 32 57;18 58 05;284
297;250180250;Brynica;Brynica (2126);1946;50 28 18;18 59 56;283
298;250180270;Świerklaniec;Brynica (2126);1947;50 25 44;18 56 33;285
299;250180330;Łabędy;Kłodnica (116);1955;50 20 31;18 36 55;208
300;250180380;Sukowice;Cisek (11594);1948;50 15 46;18 10 11;180
301;250180450;Zwonowice;Sumina (11568);1973;50 08 34;18 26 16;260
302;250180530;Kietrz;Odra (1);1946;50 04 56;18 00 37;220
303;250180540;Rydułtowy;Odra (1);1949;50 03 01;18 25 46;295
304;250180560;Żory;Ruda (1156);1955;50 03 13;18 41 47;245
305;250180580;Droniowice;Liswarta (1816);2003;50 41 43;18 48 29;270
306;250180590;RYBNIK-STODOŁY;Ruda (1156);2006;50 09 16;18 28 59;216
307;250180640;Zabrze;Kłodnica (116);2023;50 21 57;18 45 14;270
308;250180650;Pławniowice;Kłodnica (116);2023;50 22 35;18 28 56;218
309;250180660;Ruda Śląska;Kłodnica (116);2023;50 14 49;18 49 12;236
310;250180670;Trzebiszyn;Budkowiczanka (1328);2023;50 51 54;18 11 27;196
311;250180680;Czerwionka-Leszczyny;Bierawka (1158);2024;50 09 16;18 39 49;246
312;250180690;Pilchowice;Bierawka (1158);2023;50 13 27;18 35 31;221
313;250180710;Boguszyce;Kłodnica (116);2023;50 26 13;18 30 37;211
314;250180720;Modzurów;Odra (1);2023;50 09 38;18 08 20;244
315;250180730;Bierawa;Odra (1);2024;50 16 56;18 14 41;178
316;250180740;Sierakowice;Odra (1);2023;50 15 56;18 25 53;203
317;250180750;Wąsice;Stobrawa (132);2023;50 59 06;18 01 47;169
318;250180760;Strzelce Opolskie;Mała Panew (118);2023;50 31 04;18 18 40;229
319;250180770;Sieroniowice;Kłodnica (116);;50 27 01;18 21 33;263
320;250180780;Świerklany;Olza (114);2025;50 00 45;18 35 10;285
321;250180790;Sowczyce;Potok Sowczycki (1816364);2025;50 50 53;18 29 11;248
322;250190010;Januszewice;Czarna (Włoszczowska) (2542);1997;50 56 31;19 57 40;220
323;250190030;Silniczka;Pilica (254);1886;50 55 19;19 45 32;215
324;250190080;Wąsosz;Pilica (254);2005;50 44 15;19 41 09;230
325;250190140;Żarki;Warta (18);1955;50 38 24;19 22 49;380
326;250190150;BONOWICE;Pilica (254);1989;50 37 16;19 47 37;260
327;250190160;Lgota Górna;Warta (18);1972;50 36 03;19 14 07;320
328;250190170;Kręciwilk;Warta (18);2001;50 32 43;19 22 13;307
329;250190180;PIWOŃ;Przemsza (212);1946;50 28 59;19 15 04;295
330;250190210;Pilica;Pilica (254);1946;50 27 35;19 38 49;351
331;250190220;Łazy;Przemsza (212);1955;50 25 52;19 23 02;350
332;250190260;Golczowice;Biała Przemsza (2128);1955;50 21 36;19 35 45;325
333;250190290;OLEWIN;Biała Przemsza (2128);;50 16 37;19 36 13;398
334;250190310;Maczki;Biała Przemsza (2128);1945;50 15 31;19 15 46;265
335;250190380;Bieruń Stary;Mleczna (21188);1945;50 05 03;19 05 41;255
336;250190390;Kraków - Obserwatorium;Wisła (2);1792;50 03 50;19 57 31;204
337;250190470;WOLA JUSTOWSKA;Rudawa (2136);1963;50 03 50;19 53 25;204
338;250190510;Piwoń;Przemsza (212);2005;50 29 04;19 14 42;300
339;250190520;TYCHY;Gostynia (2118);2005;50 07 55;19 00 04;255
340;250190530;Katowice Pyrzowice;Brynica (2126);1970;50 28 38;19 05 42;301
341;250190780;Będkowice;Rudawa (2136);2023;50 10 45;19 46 10;434
342;250190790;Chrzanów;Wisła (2);2023;50 06 45;19 22 36;252
343;250190810;Lubsza;Mała Panew (118);2023;50 36 35;19 00 15;335
344;250190820;Dąbrowa Górnicza;Przemsza (212);2024;50 24 08;19 15 52;321
345;250190830;Mysłów;Dopływ spod Mysłowa (1811342);2024;50 34 22;19 12 54;322
346;250190840;Rokitno Szlacheckie;Przemsza (212);2023;50 26 07;19 25 52;343
347;250190850;TROKS;Biała Przemsza (2128);2023;50 18 14;19 38 09;411
348;250190860;Wywła;Pilica (254);2025;50 36 56;19 55 31;282
349;250190880;Sułoszowa;Prądnik (21374);2023;50 15 30;19 44 24;442
350;250190920;Koryczany;Pilica (254);2025;50 29 22;19 56 05;323
351;250190930;Kraków-Kampus UJ;Wisła (2);;50 01 37;19 54 07;211
352;250200010;BARTKÓW;Bobrza (216482);1949;50 58 43;20 38 59;330
353;250200040;Bodzentyn;Świślina (2348);1949;50 56 49;20 57 05;270
354;250200050;RYKOSZYN;Wierna Rzeka (2162);1958;50 51 56;20 24 42;274
355;250200110;CISÓW;Czarna (2178);1983;50 45 31;20 54 10;326
356;250200130;KLISZÓW;Nida (216);1947;50 36 45;20 31 29;206
357;250200210;MIECHÓW;Szreniawa (21392);1951;50 22 08;20 05 19;299
358;250200220;SIELEC;Nidzica (21398);1925;50 19 07;20 25 14;200
359;250200230;BORUSOWA;Wisła (2);1948;50 16 40;20 47 13;171
360;250200250;RADZIEMICE;Szreniawa (21392);1946;50 15 12;20 13 51;240
361;250200280;IGOŁOMIA;Wisła (2);1947;50 05 37;20 15 23;202
362;250200290;BORZĘCIN;Uszwica (21396);1949;50 03 57;20 42 36;192
363;250200360;DĄBROWA TARNOWSKA;Breń (2174);2006;50 11 10;20 59 28;197
364;250200370;KONIECZNO;Nida (216);2006;50 47 39;20 02 03;268
365;250200380;BIELINY PODUCHOWNE;Czarna Nida (2164);2006;50 50 58;20 57 32;321
366;250200490;Kokotów;Wisła (2);;50 01 19;20 04 15;
367;250200520;Dobrowoda;Nida (216);2024;50 23 40;20 45 56;208
368;250200550;Brończyce;Szreniawa (21392);2024;50 14 00;20 06 12;256
369;250210020;Nosów;Pokrzywianka (23484);1950;50 55 09;21 13 09;265
370;250210030;Annopol;Wisła (2);1949;50 53 22;21 50 03;165
371;250210040;SŁUPIA NOWA;Pokrzywianka (23484);1949;50 51 51;21 05 00;290
372;250210050;Święty Krzyż;Pokrzywianka (23484);1928;50 51 34;21 03 05;575
373;250210070;BARANÓWEK;Koprzywianka (2194);1983;50 46 12;21 15 28;283
374;250210080;SADKÓW;Czarna (2178);1949;50 44 12;21 04 38;365
375;250210090;JASTRZĘBSKA WOLA;Łagowica (217832);1992;50 43 29;21 11 13;263
376;250210110;RAKÓW;Czarna (2178);1949;50 40 18;21 02 55;220
377;250210120;KLIMONTÓW;Koprzywianka (2194);;50 39 12;21 27 01;203
378;250210130;STASZÓW;Czarna (2178);1957;50 35 42;21 11 06;219
379;250210160;MAJDAN KRÓLEWSKI;Łęg (2198);1947;50 22 00;21 45 07;200
380;250210170;WILCZA WOLA;Łęg (2198);1953;50 20 29;21 55 55;190
381;250210180;CHORZELÓW;Wisła (2);1948;50 20 53;21 26 39;170
382;250210210;MIELEC;Wisłoka (218);1996;50 16 46;21 25 58;170
383;250210220;KOLBUSZOWA;Łęg (2198);1990;50 15 44;21 44 45;200
384;250210230;RADOMYŚL WIELKI;Breń (2174);1947;50 11 59;21 16 11;190
385;250210240;ZAWADA;Brzeźnica (2188);1981;50 03 50;21 29 36;200
386;250210260;SĘDZISZÓW MAŁOPOLSKI;Brzeźnica (2188);2006;50 04 41;21 42 13;210
387;250210280;Wola Raniżowska;Łęg (2198);2023;50 18 04;21 59 32;195
388;250210290;Łubnice;Wisła (2);2024;50 23 49;21 09 17;162
389;250210310;Jasice;Kamienna (234);2023;50 51 05;21 36 35;191
390;250210330;Klimontów;Koprzywianka (2194);2024;50 39 09;21 27 49;210
391;250220020;Zakrzówek;Bystrzyca (246);1948;50 55 46;22 22 21;270
392;250220030;Wysokie;Pór (24174);1946;50 55 04;22 40 01;260
393;250220050;Zakłodzie;Pór (24174);1973;50 45 27;22 51 41;205
394;250220080;FRAMPOL;Bukowa (2294);1948;50 40 30;22 39 58;243
395;250220120;JAROCIN;Bukowa (2294);1972;50 34 07;22 18 24;183
396;250220130;BRODZIAKI;Łada (2286);2006;50 30 24;22 47 24;201
397;250220140;Tarnogróg;Tanew (228);1956;50 21 24;22 45 24;237
398;250220210;JAROSŁAW;San (22);;50 01 06;22 41 47;181
399;250220220;Jarosław;San (22);2005;50 01 16;22 42 09;180
400;250220230;Piwoda;San (22);2024;50 04 35;22 45 18;183
401;250220240;Bukownica;Łada (2286);2025;50 33 38;22 50 48;235
402;250220250;Piskorowice;San (22);2025;50 14 44;22 31 01;171
403;250230020;Nielisz;Wieprz (24);2005;50 48 18;23 02 19;200
404;250230060;Józefów;Tanew (228);1948;50 29 15;23 03 30;257
405;250230070;Tomaszów Lubelski;Bug (26714);1921;50 27 29;23 23 56;270
406;250230130;FUTORY;Lubaczówka (2256);1946;50 11 48;23 02 47;239
407;250230140;WIELKIE OCZY;Szkło (2254);1955;50 01 04;23 09 30;236
408;250230160;CIESZANÓW;Tanew (228);2004;50 14 01;23 07 05;217
409;250230170;Jędrzejówka;Tanew (228);2013;50 19 47;23 20 34;285
410;250230180;Grabowiec Góra;Wolica (2432);2024;50 48 45;23 34 12;268
411;250230190;Kolonia Nowosiółki;Huczwa (267142);2024;50 32 30;23 54 58;248
412;250240010;Strzyżów;Bug (266);2001;50 50 24;24 02 08;181
413;250240070;Gołębie;Bug (26714);2024;50 38 05;24 04 59;204
414;251140060;Sobolice;Nysa Łużycka (174);;51 23 18;14 58 30;150
415;251140110;Sanice;Nysa Łużycka (174);2018;51 24 22;14 58 33;150
416;251150030;Nowogród Bobrzański;Bóbr (16);1948;51 47 58;15 15 11;102
417;251150080;Grabik;Czarna (164382);1946;51 39 09;15 06 41;166
418;251150110;Żagań;Bóbr (16);1946;51 38 59;15 17 37;96
419;251150130;Łozy;Kwisa (166);1949;51 29 22;15 22 01;128
420;251150180;Tomaszów Bolesławiecki;Bobrzyca (1638);;51 16 35;15 40 39;186
421;251150220;Nowogrodziec;Kwisa (166);1949;51 11 44;15 23 43;206
422;251150280;Twardocice;Gajowa (138664);1949;51 05 26;15 44 51;253
423;251150290;Sulików;Czerwona Woda (1744);1947;51 04 37;15 03 54;214
424;251150320;Bierna;Czerwona Woda (1744);;51 02 20;15 06 59;265
425;251150340;Gryfów Śląski;Kwisa (166);1947;51 01 36;15 24 34;312
426;251150350;Lubomierz;Oldza (1664);1948;51 00 55;15 30 10;365
427;251150360;Świerzawa;Kaczawa (138);1948;51 01 01;15 53 20;299
428;251150390;Złotniki Lubańskie;Zb. Złotniki (166513);;51 00 50;15 20 26;360
429;251150410;ŚWIERZAWA;Kaczawa (138);;51 01 01;15 53 20;260
430;251150420;STANKOWICE;Kwisa (166);2019;51 01 00;15 18 49;335
431;251150430;Białków;Lubsza (1748);2024;51 46 37;15 01 18;85
432;251150440;Siecieborzyce;Bóbr (16);2024;51 39 56;15 32 13;150
433;251150450;Pieńsk;Nysa Łużycka (174);2024;51 15 36;15 02 25;164
434;251150460;Tomaszów Bolesławiecki II;Bobrzyca (1638);2023;51 16 50;15 40 35;185
435;251150470;Miedziana;Czerwona Woda (1744);2023;51 01 15;15 06 59;295
436;251160110;Osetno;Barycz (14);1949;51 37 55;16 27 51;87
437;251160150;POLKOWICE DOLNE;Mokrzyca (16418);1949;51 30 02;16 03 22;160
438;251160170;Chwałkowice;Rudawka (145444);1978;51 26 54;16 36 47;178
439;251160190;LUBIN;Zimnica (1392);1947;51 24 43;16 13 01;131
440;251160220;Oborniki Śląskie;Odra (1);1948;51 17 22;16 55 50;160
441;251160290;Jawor;Nysa Szalona (1384);1946;51 03 48;16 11 01;188
442;251160320;RADZYŃ;Obrzyca (156);2002;51 52 21;16 02 16;60
443;251160360;GŁOGÓW;Odra (1);2013;51 40 21;16 03 36;75
444;251160420;Pysząca;Odra (1);2023;51 15 23;16 40 47;110
445;251160430;Lubin;Zimnica (1392);2023;51 24 48;16 12 23;138
446;251170030;Witaszyce;Lutynia (1852);;51 56 44;17 33 12;130
447;251170090;Smolice;Rdęca (1464);1956;51 41 39;17 10 47;105
448;251170140;Milicz;Barycz (14);1947;51 30 40;17 16 38;118
449;251170210;Trzebnica;Kanał Trzebnicki (14428);1947;51 19 22;17 04 05;155
450;251170270;Bierutów;Widawa (136);1947;51 07 08;17 32 41;141
451;251170290;Namysłów;Widawa (136);1946;51 03 57;17 42 57;152
452;251170360;Ostrów Wielkopolski;Ołobok (1844);2005;51 39 39;17 52 24;123
453;251170380;WOLA KSIĄŻĘCA;Lutynia (1852);2018;51 57 41;17 35 21;118
454;251170430;OSTRZESZÓW II;Dąbrówka (1412);2020;51 26 04;17 54 56;186
455;251170440;Drołtowice;Widawa (136);2023;51 20 06;17 35 46;200
456;251180020;Zbiersk;Czarna Struga (183566);1950;51 56 36;18 09 01;125
457;251180030;Dobra;Teleszyna (183312);1949;51 55 41;18 37 22;120
458;251180040;Poddębice;Ner (1832);1949;51 53 08;18 57 35;130
459;251180050;Lisków;Swędrnia (18482);2005;51 50 07;18 24 36;147
460;251180090;Sieradz;Warta (18);;51 35 35;18 41 14;140
461;251180140;Złoczew;Oleśnica (1818);1949;51 25 16;18 35 57;175
462;251180150;Mirków;Prosna (184);1971;51 18 37;18 08 47;156
463;251180160;Osjaków;Warta (18);1946;51 16 59;18 47 01;156
464;251180190;Siemianice;Prosna (184);1951;51 10 58;18 08 35;180
465;251180240;Jastrzygowice;Prosna (184);1956;51 00 04;18 27 25;202
466;251180310;Kiełczygłów;Nieciecz (18292);2005;51 14 14;18 59 06;175
467;251180320;Kraszewice;Łużyca (18438);2005;51 31 49;18 12 17;131
468;251180330;Działoszyn;Warta (18);2010;51 07 12;18 52 26;191
469;251180350;SIERADZ-DZIGORZEW;Warta (18);2017;51 37 27;18 42 17;128
470;251190140;Plucice;Luciąża (25452);1989;51 12 13;19 36 07;204
471;251190150;Dobryszyce;Widawka (182);1961;51 08 20;19 25 42;259
472;251190160;Przedbórz;Pilica (254);1970;51 05 26;19 52 31;190
473;251190190;Łask;Grabia (1828);2005;51 35 08;19 10 43;189
474;251190210;Szczerców;Widawka (182);2005;51 20 27;19 07 09;160
475;251190220;Dobryszyce II;Widawka (182);2011;51 08 51;19 24 30;216
476;251190230;Jarosty;Luciąża (25452);2013;51 27 45;19 41 31;197
477;251190240;Wierzbowa;Ner (1832);2024;51 59 12;19 04 46;111
478;251190250;Bełchatów;Widawka (182);2023;51 22 47;19 23 49;207
479;251200030;Skierniewice;Bzura (272);1895;51 57 55;20 09 37;128
480;251200050;Sadkowice;Pilica (254);2025;51 43 32;20 31 03;172
481;251200080;Białobrzegi;Pilica (254);1947;51 38 54;20 56 25;116
482;251200130;Opoczno;Drzewiczka (2548);1946;51 22 44;20 14 04;200
483;251200140;Ruszkowice;Radomka (252);2002;51 20 21;20 39 57;210
484;251200150;Łaziska;Radomka (252);1952;51 19 26;20 55 33;180
485;251200170;Chełsty;Czarna (Maleniecka) (2544);1949;51 12 57;20 08 55;220
486;251200220;Włochów;Czarna (2544);1972;51 05 56;20 36 44;345
487;251200240;Stanowiska;Czarna (Maleniecka) (2544);1956;51 02 31;20 22 17;305
488;251200250;Suchedniów;Kamienna (234);1951;51 02 59;20 49 50;265
489;251200270;Dąbrówka Stara;Pilica (254);2002;51 46 49;20 44 13;174
490;251200290;Teofilów;Pilica (254);2002;51 31 41;20 10 58;150
491;251200320;Mszczonów;Bzura (272);2024;51 59 03;20 29 50;161
492;251210040;JARCZEW;Wilga (2536);1967;51 48 53;21 58 24;180
493;251210120;PUŁAWY;Wisła (2);1871;51 24 46;21 57 58;142
494;251210230;Starachowice;Kamienna (234);1956;51 02 30;21 03 21;265
495;251210240;Brody Iłżeckie;Kamienna (234);1956;51 01 07;21 11 49;190
496;251210320;Kazanów;Iłżanka (236);2023;51 16 42;21 28 03;158
497;251220040;Radzyń Podlaski;Tyśmienica (248);1992;51 46 09;22 36 03;150
498;251220230;Ostrówek-Kolonia;Tyśmienica (248);2024;51 35 37;22 36 01;148
499;251220240;Zadworze;Wyżnica (2336);2025;51 00 55;22 13 50;254
500;251220250;Ostrów Lubelski;Tyśmienica (248);2024;51 29 46;22 52 11;157
501;251220260;Turze Rogi;Krzna (267144);2024;51 55 37;22 27 50;159
502;251230120;Bezek;Wieprz (24);1974;51 10 38;23 15 49;224
503;251230220;Depułtycze Królewskie;Uherka (2671434);2025;51 04 59;23 26 10;216
504;251230240;Studzianka;Zielawa (2671448);2024;51 55 54;23 12 53;143
505;252140070;Boleszkowice;Dopływ z Boleszkowic (191298);1961;52 43 37;14 34 00;50
506;252140090;Kostrzyn Nad Odrą;Maszówek (1894);1956;52 35 55;14 39 40;26
507;252140150;Maszewo;Odra (1);1955;52 04 11;14 55 08;68
508;252140160;Trzcińsko-Zdrój;Rurzyca (1886592);;52 57 52;14 35 17;53
509;252140210;Boczów;Rzepia (1786);2023;52 19 01;14 56 19;79
510;252140220;Chojna;Rurzyca (1918);2024;52 56 27;14 24 15;49
511;252150050;Krzyż;Noteć (188);1957;52 52 52;15 59 01;34
512;252150070;Drezdenko;Noteć (188);1949;52 51 17;15 50 28;31
513;252150180;Lubinicko-Świebodzin;Obrzyca (156);1975;52 14 34;15 32 43;88
514;252150270;BABIMOST;Gniła Obra (1568);2007;52 08 37;15 48 12;57
515;252150350;Kleszczewo;Obra (1878);2024;52 27 21;15 23 23;93
516;252150360;Wityń;Obrzyca (156);2025;52 16 03;15 36 40;76
517;252160050;Ryczywół;Wełna (186);1948;52 48 57;16 50 20;70
518;252160110;Szamotuły-Baborówka;Sama (1872);1946;52 35 04;16 38 17;74
519;252160160;Paproć;Obra (1878);1957;52 18 16;16 10 59;77
520;252160230;Wielichowo;Obra (1878);1947;52 06 50;16 21 23;65
521;252160350;Kopaszewo;Kanał Mosiński (1856);2023;52 00 12;16 49 06;91
522;252160370;Wronki;Warta (18);2024;52 41 33;16 22 23;70
523;252170060;Janowiec Wielkopolski;Wełna (186);1946;52 45 17;17 27 44;95
524;252170110;Gniezno;Wełna (186);;52 33 27;17 31 55;170
525;252170180;Września;Wrześnica (1838);1946;52 18 55;17 35 33;105
526;252170190;SŁUPCA;Warta (18);1960;52 16 19;17 53 00;89
527;252170210;Kórnik;Warta (18);1946;52 14 43;17 06 07;77
528;252170330;Nowa Wieś Podgórna;Warta (18);2005;52 08 32;17 35 21;73
529;252170390;Gniezno II;Wełna (186);2021;52 31 25;17 37 49;117
530;252170410;Mogilno;Noteć Zachodnia (1882);2024;52 38 40;17 58 00;95
531;252170420;Rogowo;Wełna (186);2023;52 43 57;17 38 36;94
532;252180060;Pakość;Noteć (188);1946;52 47 58;18 05 33;76
533;252180080;Kołuda Wielka;Noteć (188);1948;52 44 09;18 08 56;88
534;252180210;Kłodawa;Rgilewka (18332);1946;52 15 03;18 54 57;117
535;252180260;Turek;Kiełbaska (18334);1946;52 00 37;18 29 54;115
536;252180290;Tuliszków ;Powa (18352);2005;52 04 04;18 16 07;111
537;252180310;RADOSZEWICE;Noteć (188);;52 21 43;18 42 22;110
538;252180370;Kleczew;Struga Kleczewska (183459272);2024;52 23 13;18 10 14;98
539;252180380;Rakowo;Noteć (188);2024;52 29 50;18 17 19;103
540;252190030;GŁODOWO;Mień (2794);1947;52 49 50;19 14 08;104
541;252190120;Żychlin;Bzura (272);;52 14 34;19 37 23;97
542;252190160;Walewice;Bzura (272);1946;52 06 10;19 39 56;95
543;252190190;Lutocin;Skrwa (2756);2024;52 59 05;19 45 04;129
544;252190230;Poddębice;Zgłowiączka (278);2024;52 33 13;19 00 33;91
545;252190240;Trębki;Bzura (272);2024;52 19 13;19 32 26;105
546;252200080;BORKOWO;Wkra (268);1998;52 33 43;20 39 37;85
547;252200120;LEGIONOWO;Wisła (2);1926;52 24 28;20 57 22;94
548;252200150;Warszawa-Bielany;Wisła (2);1938;52 16 53;20 57 48;98
549;252200290;Kampinos;Bzura (272);2024;52 16 08;20 28 21;87
550;252200350;Nacpolsk;Płonka (26876);2025;52 30 51;20 15 05;126
551;252210020;CZARNOWO;Orz (2656);2005;52 52 55;21 32 06;94
552;252210050;PUŁTUSK;Narew (26);1947;52 43 39;21 05 25;95
553;252210240;Wielgolas;Świder (256);1949;52 02 14;21 43 26;150
554;252210290;Rybienko;Bug (266);2014;52 34 40;21 25 45;93
555;252210320;Kozły;Bug (26714);2024;52 27 08;21 24 33;107
556;252210330;Rząśnik Włościański;Narew (26);2023;52 50 59;21 43 14;120
557;252210340;Warszawa-Muzeum Łazienki Królewskie;Wisła (2);2025;52 12 38;21 01 56;
558;252220050;BRAŃSK;Nurzec (2666);1948;52 44 31;22 49 35;125
559;252220120;TONKIELE;Bug (266);1984;52 24 44;22 33 55;115
560;252220210;Wierzbowo Nowe;Narew (26);2024;52 59 04;22 19 27;130
561;252220220;Tołwin;Bug (26714);2024;52 29 57;22 57 04;175
562;252220230;Andrzejewo;Brok (2671476);2024;52 49 24;22 11 07;117
563;252220240;Kosów Lacki;Bug (26714);2024;52 36 15;22 08 55;121
564;252230010;NOWOSADY;Kołonna (2611316);1973;52 58 21;23 52 44;160
565;252230030;BONDARY;Narew (26);1973;52 56 15;23 45 16;147
566;252230040;NAREW;Narew (26);;52 54 53;23 31 09;139
567;252230060;NAREWKA;Narewka (2612);;52 52 18;23 43 41;143
568;252230080;NOWE MASIEWO;Narew (26);;52 50 02;23 53 50;150
569;252230090;CHRABOŁY;Orlanka (2614);2005;52 51 44;23 11 44;127
570;252230110;HAJNÓWKA;Leśna (26652);1948;52 43 57;23 33 37;163
571;252230120;BIAŁOWIEŻA;Narewka (2612);1946;52 42 26;23 50 52;163
572;252230150;Kleszczele;Nurzec (267146);1948;52 34 20;23 19 10;160
573;252230190;CICIBÓR;Krzna (2664);2000;52 04 37;23 06 34;144
574;252230230;NAREW;Narew (26);2005;52 55 00;23 31 22;134
575;252230240;NAREWKA;Narewka (2612);2005;52 51 49;23 43 30;143
576;252230250;ZAMOSZE;Narewka (2612);2018;52 48 55;23 54 46;157
577;252230280;Jagodniki;Orlanka (2614);2023;52 41 50;23 29 21;156
578;252230290;Bolesty;Nurzec (267146);2023;52 44 12;23 05 27;156
579;253140010;Wolin;Cieśnina Dziwna (35);1946;53 50 15;14 36 57;2
580;253140040;Trzebież;Zalew Szczeciński (319);1991;53 39 47;14 30 50;1
581;253140060;Goleniów;Ina (198);1967;53 34 48;14 54 51;34
582;253140110;Gryfino;Odra (Regalica) (19751);1947;53 15 25;14 29 04;3
583;253150010;Starnin;Rega (42);1961;53 57 57;15 27 24;36
584;253150020;Witno;Cieśnina Dziwna (35);1954;53 56 40;15 03 47;20
585;253150070;Łabędzie;Rega (42);1961;53 39 02;15 48 33;100
586;253150130;Lisowo;Krąpiel (1988);1948;53 25 51;15 18 05;95
587;253150190;PRZELEWICE;Płonia (1976);1954;53 06 15;15 04 56;65
588;253150250;Drawno;Drawa (1888);2005;53 12 47;15 46 12;76
589;253150290;Łopianów;Rega (42);2024;53 52 32;15 15 41;32
590;253150310;Niedźwiedziska;Cieśnina Dziwna (35);2024;53 56 58;15 04 41;20
591;253150320;Lubiana;Mała Ina (1986);2024;53 06 16;15 19 24;68
592;253150330;Słonowice;Rega (42);2023;53 43 01;15 43 05;105
593;253150340;Międzyrzecze;Rega (42);2024;53 52 19;15 34 06;59
594;253150350;Radowo Małe;Rega (42);2024;53 40 06;15 27 08;93
595;253150360;Kinowo;Rega (42);2024;53 58 30;15 27 05;32
596;253150370;Kaszewo;Dopływ z jez. Korytowskich (198446);2023;53 07 18;15 34 00;85
597;253160010;Sępolno Wielkie;Biała (188624);1954;53 56 51;16 46 25;165
598;253160020;Osówko;Parsęta (44);;53 54 20;16 04 05;55
599;253160040;Grzmiąca;Parsęta (44);1960;53 50 09;16 26 21;100
600;253160090;WIERZCHOWO;Drawa (1888);1956;53 27 36;16 06 16;137
601;253160110;Jastrowie;Gwda (1886);1947;53 25 32;16 48 50;111
602;253160170;Człopa;Człopica (188896);1949;53 05 05;16 06 57;85
603;253160240;Barwice;Parsęta (44);;53 45 11;16 21 14;133
604;253160260;Wicewo;Parsęta (44);2023;53 53 15;16 07 25;47
605;253170030;RÓŻKI-DĘBIE;Brda (292);1956;53 53 28;17 08 53;155
606;253170060;Zapędowo;Brda (292);1956;53 42 15;17 50 25;125
607;253170160;Sypniewo;Łobżonka (1884);1963;53 21 52;17 19 49;128
608;253170210;Chrząstowo;Noteć (188);1953;53 09 40;17 35 01;105
609;253170320;Lipa;Noteć (188);2023;53 03 02;17 15 28;62
610;253170330;Sitowiec;Krówka (29276);2023;53 22 08;17 45 15;134
611;253170340;Iwno;Dopływ z Łankowic (188528);2023;53 01 36;17 25 05;111
612;253170350;Czyczkowy;Wda (294);2024;53 51 39;17 44 00;137
613;253170360;Pruszcz;Brda (292);2023;53 26 47;17 49 32;124
614;253170370;Upiłka;Brda (292);2023;53 56 49;17 56 49;141
615;253180020;RADOSTOWO;Wisła (2);1951;53 59 22;18 44 50;40
616;253180040;Starogard Gdański;Wierzyca (298);2004;53 58 56;18 32 56;85
617;253180060;Czarna Woda;Wda (294);1948;53 50 26;18 05 34;125
618;253180090;Śliwice;Wda (294);1949;53 42 17;18 10 33;119
619;253180150;Grudziądz;Wisła (2);1946;53 26 15;18 42 34;25
620;253180160;Radzyń-Fijewo;Radzyńska Struga (296692);1948;53 22 58;18 56 49;104
621;253180170;Nowy Jasiniec;Brda (292);1956;53 20 54;18 02 14;90
622;253180220;Bydgoszcz;Brda (292);1991;53 10 25;18 02 45;55
623;253180260;Lubiewo;Brda (292);2023;53 27 50;18 01 30;116
624;253180270;Skórcz-Ryzowie;Wierzyca (298);2023;53 47 18;18 32 13;85
625;253180280;Brzozowo;Wisła (2);2024;53 18 44;18 25 29;85
626;253190030;Dobrocin;Drwęca (28);1972;53 54 30;19 49 41;118
627;253190070;Prabuty;Nogat (52);1948;53 44 22;19 12 54;100
628;253190220;LIDZBARK;Wel (286);1948;53 15 16;19 49 27;140
629;253190260;OSTROWITE;Drwęca (28);1946;53 25 12;19 16 27;101
630;253190310;Kuligi;Wel (286);2005;53 25 51;19 41 28;96
631;253190360;Najmowo;Osa (296);2023;53 18 30;19 19 36;104
632;253190370;Bągart;Elbląg (54);2023;53 59 30;19 23 04;0
633;253190380;Lubstyn;Drwęca (28);2023;53 31 39;19 50 44;200
634;253200040;Gietrzwałd;Pasłęka (56);1948;53 45 05;20 14 41;107
635;253200080;Jemiołowo;Pasłęka (56);1946;53 33 42;20 17 58;175
636;253200140;Wielbark;Sawica (26542);1949;53 24 22;20 56 14;127
637;253200290;Bagienice;Orzyc (2658);2024;53 15 18;20 51 29;130
638;253200310;Przasnysz;Orzyc (2658);2025;53 00 44;20 55 54;120
639;253210130;SZCZYTNO;Omulew (2654);;53 34 37;21 00 44;160
640;253210170;ROZOGI;Szkwa (26518);1949;53 29 30;21 22 46;130
641;253210180;PTAKI;Pisa (264);;53 23 26;21 47 41;112
642;253210210;MYSZYNIEC;Rozoga (2652);1983;53 23 04;21 21 01;120
643;253210220;DOBRYLAS;Pisa (264);1949;53 17 47;21 49 38;104
644;253210260;ZARUZIE;Ruż (26516);2005;53 08 51;21 48 09;87
645;253210280;DOBRYLAS;Pisa (264);2005;53 17 07;21 51 53;102
646;253210290;PTAKI;Pisa (264);2005;53 23 35;21 47 30;107
647;253210350;TYSZKI-WĄDOŁOWO;Skroda (26498);2016;53 26 52;21 59 03;152
648;253210370;ŚWIĘTAJNO;Szkwa (26518);2018;53 33 49;21 13 41;142
649;253210380;Turowo;Pisa (264);2023;53 31 43;21 54 06;141
650;253210390;Mikosze-Osada;Orzysza (26458);2024;53 48 58;21 54 28;124
651;253210410;Targowo;Krutynia (264326);2024;53 41 43;21 01 43;165
652;253220070;BIEBRZA;Ełk (2628);1953;53 39 02;22 34 42;115
653;253220080;DĘBOWO;Biebrza (262);1946;53 36 38;22 55 50;115
654;253220120;OSOWIEC;Biebrza (262);1946;53 28 57;22 38 45;110
655;253220130;RADZIŁÓW;Wissa (26296);1963;53 24 50;22 24 19;115
656;253220160;BURZYN;Biebrza (262);1949;53 16 43;22 27 15;120
657;253220210;TYKOCIN;Narew (26);;53 12 16;22 46 14;109
658;253220220;ZAWADY;Ślina (26194);1949;53 09 25;22 40 24;110
659;253220270;JABŁONOWO-WYPYCHY;Narew (26);2005;53 01 47;22 45 01;130
660;253220310;MOŃKI;Nereśl (2618);2014;53 24 01;22 47 47;175
661;253220330;MARIANOWO II;Narew (26);2016;53 12 43;22 06 21;138
662;253220360;Biernatki;Netta (2622);2023;53 52 04;22 51 12;136
663;253220370;Sawino;Narew (26);2023;53 10 08;22 51 53;118
664;253220380;Przytulanka;Nereśl (2618);2026;53 22 47;22 50 54;147
665;253230020;RÓŻANYSTOK;Sidra (26214);1960;53 38 07;23 24 05;160
666;253230030;JANÓW;Brzozówka (2624);1949;53 27 35;23 13 46;161
667;253230060;JAŁÓWKA;Sokołda (26162);1957;53 21 14;23 20 26;170
668;253230110;FASTY;Supraśl (2616);1949;53 10 39;23 01 33;114
669;253230160;SUPRAŚL;Supraśl (2616);2005;53 12 39;23 19 57;137
670;253230170;NOWOSIÓŁKI;Supraśl (2616);;53 10 30;23 31 35;132
671;253230180;Drahle;Sokołda (26162);2012;53 23 08;23 33 18;162
672;253230230;Zarzeczany;Supraśl (2616);2023;53 06 06;23 41 04;146
673;253230250;Śluza Tartak;Czarna Hańcza (64);2025;53 52 57;23 27 42;108
674;254140010;Dziwnów;Morze Bałtyckie (0);1955;54 01 20;14 43 54;3
675;254150050;Białogard;Parsęta (44);2023;54 00 15;15 58 30;23
676;254150060;Gąski;Czerwona (454);2024;54 14 17;15 55 02;8
677;254160020;Darłowo;Wieprza (46);1946;54 25 60;16 22 06;12
678;254160030;Sławno;Wieprza (46);1946;54 21 06;16 40 13;25
679;254160040;Jeżyczki;Wieprza (46);1949;54 20 05;16 23 26;10
680;254160060;Sierakowo;Wieprza (46);1948;54 12 59;16 30 59;50
681;254160080;Polanów;Wieprza (46);1948;54 07 07;16 40 59;80
682;254160110;Miastko;Wieprza (46);1952;54 00 56;16 58 49;160
683;254160130;Ciecholub;Wieprza (46);2024;54 10 22;16 52 28;115
684;254160140;Kłanino;Parsęta (44);2024;54 01 39;16 28 70;114
685;254160150;Mokre;Ząbrza (456182);2024;54 10 13;16 24 06;76
686;254170020;Smołdzino;Łupawa (474);1948;54 40 02;17 12 06;4
687;254170040;Karżniczka;Łupawa (474);1974;54 29 15;17 13 43;75
688;254170060;Mikorowo;Łeba (476);1980;54 24 30;17 34 50;117
689;254170070;Bukowina;Łupawa (474);1949;54 25 20;17 50 36;155
690;254170130;Niezabyszewo;Słupia (472);;54 08 18;17 25 24;160
691;254170140;Kościerzyna;Wierzyca (298);1948;54 07 43;17 57 43;190
692;254170190;Słupsk;Słupia (472);;54 27 48;17 02 08;17
693;254170210;Borucino;Radunia (4868);2005;54 15 13;17 59 30;
694;254170280;Struszewo;Słupia (472);2024;54 10 44;17 21 26;131
695;254170310;Objezierze;Słupia (472);2024;54 18 01;17 04 04;142
696;254170320;Jasień;Łupawa (474);2023;54 17 08;17 38 13;151
697;254170330;Tuchomko;Słupia (472);2024;54 07 53;17 22 06;
698;254180010;Rozewie;Bałtyk (0);1946;54 49 46;18 20 08;54
699;254180050;Wejherowo;Reda (478);1946;54 35 54;18 16 13;22
700;254180060;Gdynia;Bałtyk (0);1927;54 31 08;18 33 34;2
701;254180070;Tępcz;Łeba (476);1948;54 30 27;18 02 20;178
702;254180090;Gdańsk-Rębiechowo;Morze Bałtyckie (0);1982;54 22 16;18 29 12;146
703;254180130;Goręczyno;Radunia (4868);1998;54 15 43;18 09 45;177
704;254180140;Ostrzyce-Brodnica Górna;Radunia (4868);2004;54 16 28;18 05 29;213
705;254180260;Gdańsk-Port Północny;Bałtyk (0);1986;54 23 59;18 41 52;2
706;254180270;Zelewo;Reda (478);2024;54 37 23;18 04 31;43
707;254180280;Szemud;Reda (478);2024;54 29 35;18 12 49;154
708;254180290;Szymankowo;Święta (1974398);2024;54 04 27;18 55 53;3
709;254190020;Nowa Pasłęka;Zalew Wiślany (5119);1949;54 25 34;19 44 49;2
710;254190050;Frombork;Zalew Wiślany (5119);1981;54 21 37;19 40 38;2
711;254190070;Tolkmicko;Zalew Wiślany (5119);1981;54 19 31;19 31 21;2
712;254190080;Pierzchały;Pasłęka (56);2005;54 18 02;19 50 57;11
713;254190120;Kmiecin;Szkarpawa (514);1962;54 11 16;19 09 50;0
714;254190150;SŁOBITY;Zalew Wiślany (5119);1948;54 07 47;19 45 05;55
715;254190160;Pasłęk;Wąska (5456);1948;54 04 07;19 38 10;14
716;254190190;Elbląg;Elbląg (54);2013;54 09 43;19 25 53;39
717;254190230;Rogity;Pasłęka (56);2017;54 23 21;19 51 41;8
718;254200040;BARTOSZYCE;Łyna (584);;54 14 25;20 47 52;59
719;254200050;Bornity;Wałsza (568);2006;54 11 04;20 03 03;47
720;254200070;KASZUNY;Drwęca Warmińska (566);1973;54 09 30;20 20 23;89
721;254200080;LIDZBARK WARMIŃSKI;Łyna (584);1888;54 08 09;20 35 10;90
722;254200140;Osieka;Łyna (584);2024;54 12 32;20 46 57;74
723;254210020;WĘGORZEWO;Węgorapa (582);1957;54 13 26;21 44 05;116
724;254220020;ŻABIN;Węgorapa (582);;54 19 17;22 02 17;110
725;254220030;GOŁDAP;Gołdapa (5824);1949;54 18 30;22 16 07;159
726;254220060;BANIE MAZURSKIE;Gołdapa (5824);1952;54 15 06;22 01 23;110
727;254220090;OLECKO;Jez. Olecko Wielkie (2626139);1949;54 02 51;22 29 13;182
728;254220120;Przerośl;Błędzianka (5828);2024;54 15 29;22 39 35;215
729;254220130;Borki;Jez. Litygajno (Ełk) (2628);;54 06 00;22 10 20;
730;254230040;Podwojponie;Szeszupa (68);2023;54 18 01;23 07 10;207
731;349190600;Bielsko-Biała;Biała (2114);1947;49 48 24;19 00 08;396
732;349190625;Zakopane;Biały Dunajec (21412);1876;49 17 38;19 57 37;852
733;349190650;KASPROWY WIERCH;Biały Dunajec (21412);1935;49 13 57;19 58 55;1990
734;349200628;Hala Gąsienicowa;Poroniec (214128);1913;49 14 38;20 00 21;1523
735;349200660;NOWY SĄCZ;Dunajec (214);1953;49 37 38;20 41 19;292
736;349210670;KROSNO;Wisłok (226);1984;49 42 24;21 46 09;330
737;349220690;LESKO;San (22);1954;49 27 59;22 20 30;420
738;349220695;PRZEMYŚL;San (22);1946;49 50 02;22 48 36;230
739;350150500;Jelenia Góra;Bóbr (16);1945;50 54 01;15 47 20;342
740;350150510;Śnieżka;Łomniczka (16184);1945;50 44 11;15 44 23;1603
741;350160520;Kłodzko;Nysa Kłodzka (12);1945;50 26 13;16 36 51;356
742;350170530;Opole;Odra (1);1946;50 37 37;17 58 08;163
743;350180540;Racibórz;Odra (1);1848;50 03 40;18 11 27;206
744;350190550;Częstochowa;Warta (18);1945;50 48 43;19 05 30;293
745;350190560;KATOWICE-MUCHOWIEC;Brynica (2126);1930;50 14 26;19 01 58;278
746;350190566;Kraków-Balice;Rudawa (2136);1964;50 04 41;19 47 40;236
747;350200570;KIELCE-SUKÓW;Lubrzanka (21644);1974;50 48 38;20 41 32;260
748;350200575;TARNÓW;Biała (2148);1946;50 01 32;20 56 31;210
749;350210585;SANDOMIERZ;Wisła (2);1945;50 41 48;21 42 57;217
750;350220580;RZESZÓW-JASIONKA;Wisłok (226);1946;50 06 39;22 02 32;206
751;350230595;Zamość;Łabuńka (242);1945;50 41 54;23 12 20;223
752;351150400;Zielona Góra;Odra (1);1945;51 55 48;15 31 29;192
753;351160415;Legnica;Kaczawa (138);1945;51 11 33;16 12 28;123
754;351160418;Leszno;Strzyżewicki Rów (14884);1957;51 50 08;16 32 05;91
755;351160424;Wrocław-Strachowice;Odra (1);1945;51 06 12;16 54 00;120
756;351160425;WROCŁAW;Odra (1);1956;51 06 49;16 52 54;120
757;351180435;Kalisz;Prosna (184);1945;51 46 52;18 04 51;137
758;351180455;Wieluń;Warta (18);1945;51 12 37;18 33 24;199
759;351190465;Łódź-Lublinek;Ner (1832);1945;51 43 06;19 23 14;174
760;351190469;Sulejów;Pilica (254);1961;51 21 12;19 51 59;188
761;351210488;Kozienice;Wisła (2);1971;51 33 53;21 32 37;123
762;351220495;LUBLIN-RADAWIEC;Bystrzyca (246);1945;51 13 00;22 23 35;238
763;351230497;Włodawa;Bug (266);1954;51 33 13;23 31 46;177
764;352140310;Słubice;Odra (1);1947;52 20 55;14 37 11;53
765;352150300;Gorzów Wlkp.;Warta (18);1946;52 44 28;15 16 38;71
766;352160330;Poznań-Ławica;Warta (18);1946;52 25 00;16 50 05;88
767;352180345;Koło-Radoszewice;Noteć (188);1945;52 21 43;18 42 22;109
768;352190360;PŁOCK;Wisła (2);1946;52 35 18;19 43 33;106
769;352200375;Warszawa;Wisła (2);1918;52 09 46;20 57 40;106
770;352220385;SIEDLCE;Liwiec (2668);1881;52 10 52;22 14 41;152
771;352230399;TERESPOL;Bug (266);1954;52 04 43;23 37 19;133
772;353140200;Świnoujście;Bałtyk (0);1946;53 55 24;14 14 32;4
773;353140205;Szczecin;Odra (1);1948;53 23 43;14 37 22;1
774;353150210;Resko-Smólsko;Rega (42);1945;53 45 49;15 23 36;52
775;353160213;Barwice;Parsęta (44);;53 45 11;16 21 14;133
776;353160215;Szczecinek;Gwda (1886);1946;53 43 04;16 44 48;139
777;353160230;Piła;Gwda (1886);1970;53 07 50;16 44 50;72
778;353170235;Chojnice;Brda (292);1945;53 42 55;17 31 57;164
779;353180250;Toruń;Wisła (2);1945;53 02 31;18 35 44;69
780;353180255;Kwidzyn;Liwa (522);2024;53 44 03;18 52 18;
781;353200270;MŁAWA;Wkra (268);1945;53 06 15;20 21 40;147
782;353200272;OLSZTYN;Łyna (584);1948;53 46 07;20 25 17;133
783;353210280;MIKOŁAJKI;Jez. Mikołajskie (26439);1952;53 47 21;21 35 23;127
784;353210285;OSTROŁĘKA;Narew (26);1946;53 03 57;21 32 02;94
785;353230295;BIAŁYSTOK;Biała (26168);1945;53 06 26;23 09 44;148
786;354150100;Kołobrzeg-Dźwirzyno;Jez. Resko Przymorskie (43219);1946;54 09 30;15 23 20;4
787;354160105;Koszalin;Dzierżęcinka (45614);1945;54 12 16;16 09 19;33
788;354160115;Ustka;Bałtyk (0);1946;54 35 18;16 51 15;3
789;354170120;Łeba;Łeba (476);1947;54 45 13;17 32 05;1
790;354170125;Lębork;Łeba (476);1945;54 33 11;17 45 25;39
791;354180135;Hel;Bałtyk (0);1920;54 36 13;18 48 43;1
792;354180155;Gdańsk-Świbno;Wisła (2);1948;54 20 01;18 56 04;7
793;354190160;Elbląg-Milejewo;Elbląg (54);1946;54 13 24;19 32 37;189
794;354210185;KĘTRZYN;Guber (5848);1945;54 04 02;21 22 00;107
795;354220195;SUWAŁKI;Czarna Hańcza (64);1946;54 07 51;22 56 56;184
