Data,Napięcie wyjściowe panela słonecznego (V),Napięcie baterii (V),Temperatura powietrza min. (°C),Temperatura powietrza max. (°C),Temperatura powietrza średnia (°C),Wilgotność względna powietrza min. (%),Wilgotność względna powietrza max. (%),Wilgotność względna powietrza średnia (%),Ciśnienie atmosferyczne (hPa),Punkt rosy (°C),Opad deszczu (l/m²),Prędkość wiatru (m/s),Kierunek wiatru (°),Wilgotność gleby 15 cm (%),Wilgotność gleby 30 cm (%),Temperatura gleby 0 cm (°C),Temperatura gleby 15 cm (°C),Temperatura gleby 30 cm (°C),Zawartość wody w glebie 1. (l/m²),Zwilżenie liści (%),Promieniowanie słoneczne (W/m²),Promieniowanie słoneczne (kWh/m²),Ewapotranspiracja (l/m²),Sunshine duration (h)
01.11.2024 00:00:00,4.7,12.8,9.25,11.64,10.2,79.23,87.33,83.8,1018.2,7.6,0,2.6,315,70.3,82.3,10.3,11.8,12.2,7,0,54.2,0.483,0.5,0
02.11.2024 00:00:00,4.6,12.8,-0.29,10.59,6.1,46.54,91.89,69.7,1026.8,0.8,0.6,1.9,247.5,67.7,80,5.9,11.1,11.8,6.9,5.5,32.3,0.317,0.65,0
03.11.2024 00:00:00,4.9,12.8,-3.58,7.08,2.4,57.49,89.3,74.3,1030.1,-1.9,0,1.2,292.5,67.2,71.9,2.5,9.2,9.5,6.9,0,58.2,0.542,0.49,0.3333333333
04.11.2024 00:00:00,4.4,12.8,0.13,9.56,5.3,61.38,93.44,82.9,1029.5,2.5,0.4,1.2,202.5,67.7,73.8,5.2,9,9.2,6.8,22.3,48,0.413,0.41,0.3333333333
05.11.2024 00:00:00,4.5,12.8,-1.25,9.88,3.8,54.79,89.78,77.7,1030.5,0.1,0,0.3,22.5,66.8,67.4,3.3,8.4,9,6.8,0,32.9,0.295,0.36,0
06.11.2024 00:00:00,4.9,12.8,-1.79,10.14,2.3,69.63,92.6,85.9,1031.2,0.1,0,0.3,247.5,61.4,48.3,2.2,7.8,8,6.7,1.9,45.7,0.407,0.28,0
07.11.2024 00:00:00,4,12.8,-2.07,3.3,1.2,89.69,93.76,92,1034.9,0.1,0.2,0.6,315,62.4,31.6,1.6,7.2,7.5,6.7,13.6,28,0.215,0.17,0
08.11.2024 00:00:00,3.9,12.8,0.69,2.95,2.1,87.43,93.71,91.2,1036.6,0.8,0.2,1.1,67.5,60.6,29.5,2.4,7.3,8,6.7,5.4,22.3,0.187,0.17,0
09.11.2024 00:00:00,4.3,12.8,0.88,1.96,1.4,88.37,93.18,91.2,1033.6,0.2,0,1.1,180,60,11.9,1.9,7.1,8,6.7,0.2,31.3,0.257,0.2,0
10.11.2024 00:00:00,4.3,12.8,-0.08,1.56,0.8,85.06,92.93,89,1030.7,-0.8,0,0.8,180,57.9,11.1,1.3,6.9,7.1,6.7,0,30,0.244,0.19,0
11.11.2024 00:00:00,3.6,12.8,0.18,1.82,1.1,83.72,90.81,87.5,1030,-0.7,0,0.4,225,55.9,6.4,1.5,6.8,7,6.7,0,20.5,0.155,0.16,0
12.11.2024 00:00:00,3.6,12.8,-0.7,0.52,0,87.67,92.14,90,1031.6,-1.4,0.2,0.5,67.5,58.3,11.7,0.5,6.5,7,6.6,0.4,20.7,0.155,0.15,0
13.11.2024 00:00:00,4,12.8,-1.19,1.36,-0.1,83.92,93.43,89.9,1028.6,-1.5,1.2,0.6,225,57.4,12.6,0.4,6.1,7,6.6,21.1,32.1,0.235,0.17,0
14.11.2024 00:00:00,4,12.8,0.97,5.42,3.4,83.34,94.07,91.1,1022.1,2.1,1,1.2,292.5,55.3,9.3,3.7,6.4,7,6.6,10.3,44.1,0.334,0.24,0.5
15.11.2024 00:00:00,4.4,12.8,4.8,7.2,5.8,81.27,94.16,87.8,1021.8,3.9,0.6,1.5,247.5,57.8,31.1,5.9,7.2,7.7,6.6,10.7,50.6,0.436,0.28,0
16.11.2024 00:00:00,4.2,12.8,3.58,8.36,5.7,74.53,93.94,85.7,1018.1,3.5,0.2,1.7,247.5,54.1,33.5,5.7,7.7,8,6.7,13.6,45,0.371,0.32,0
17.11.2024 00:00:00,3.9,12.8,3.88,5.29,4.4,75.66,91.12,84,1007.3,1.9,2.2,2.2,180,57.6,16.4,4.5,7.5,8,6.7,12.6,28.5,0.232,0.28,0
18.11.2024 00:00:00,4.1,12.8,1.14,4.8,3.3,78.11,91.21,83.9,1006.3,0.8,2.8,1.8,270,52.7,7.8,3.3,7.3,8,6.6,15.1,32.2,0.272,0.21,0
19.11.2024 00:00:00,4,12.8,-0.15,8.25,4,74.3,91.61,83,1001.1,1.3,2.2,1.6,202.5,58.3,7,3.8,6.8,7,6.6,14.6,32.4,0.273,0.2,0
20.11.2024 00:00:00,3.5,12.8,0.57,9.06,3,74.6,92.01,83.5,991.4,0.4,6.6,2.2,247.5,53.6,9.5,3,6.9,7.5,6.6,24.8,22.9,0.17,0.26,0
21.11.2024 00:00:00,3.8,12.8,-1.18,1.38,0.2,72.27,90.97,81.6,997.2,-2.6,0.4,1.6,180,56.4,17.1,0.3,5.9,6.5,6.6,13.2,42,0.32,0.25,0
22.11.2024 00:00:00,3.5,12.8,-1.19,1.96,-0.1,69.19,88.66,82.3,998.8,-2.7,0,1,225,62,16.5,-0.1,5.2,5.5,6.6,0,44.2,0.35,0.22,0
23.11.2024 00:00:00,3.8,12.8,-0.09,1.87,0.9,77.09,88.16,82.2,1016.4,-1.8,0.8,1.7,225,70.4,10.1,0.8,5,5,6.6,1.1,41.7,0.3,0.25,0
24.11.2024 00:00:00,3.2,12.8,0.33,5.29,2.6,70.95,87.2,80.7,1020.9,-0.4,1.8,0.9,202.5,72.7,48.8,2.4,5,5,6.6,2.5,26.5,0.182,0.17,0
25.11.2024 00:00:00,4.4,12.8,3.4,10.17,6.3,67.45,81.14,76.2,1018.1,2.4,0.2,1.3,247.5,77.4,73,5.9,5.7,6.2,6.6,0,42.4,0.357,0.35,0
26.11.2024 00:00:00,3.6,12.8,4.28,8.6,6,77.53,93.96,87,1017,4,3,1,180,81.1,79.5,5.9,6.3,7,6.7,19.4,42.6,0.308,0.24,0.1666666667
27.11.2024 00:00:00,4.1,12.8,3.2,7.28,5.1,84.45,93.27,90.4,1022.8,3.7,0,0.7,247.5,85.5,81.8,5.2,6.8,7.2,6.8,11.3,45.4,0.373,0.23,0
28.11.2024 00:00:00,3.2,12.8,3.04,7.04,5.1,78.07,92.92,88.2,1013.5,3.3,7,1.3,180,88.7,86.4,5,6.8,7,7.1,29,32.5,0.206,0.24,0
29.11.2024 00:00:00,2.9,12.8,3.27,4.53,4,88.97,94.28,91.4,1026,2.7,2.6,1.5,45,95.2,92.2,4.2,6.7,7,8.2,26.5,15,0.087,0.16,0
30.11.2024 00:00:00,4,12.8,0.13,5.18,3.1,78.78,92.8,87.6,1035.7,1.2,0,0.5,45,96.5,98,3.3,6.6,7,8.7,0.1,48.9,0.367,0.22,0
01.12.2024 00:00:00,4,12.8,-0.19,5.69,2.6,80.12,93.22,87.4,1029.5,0.7,0.2,0.6,22.5,95.1,98.1,2.5,6.1,6.7,8.6,1.9,36.3,0.276,0.21,0
02.12.2024 00:00:00,3.8,12.8,-0.12,7.23,3.1,77.38,92.21,85.7,1020.1,0.9,0,0.8,247.5,93.8,97.5,2.7,5.6,6,8.5,0,28,0.228,0.21,0
03.12.2024 00:00:00,3.8,12.8,1.63,4.83,3.6,80.08,93.78,87.3,1016.8,1.7,1,0.8,247.5,93,97.6,3.7,5.6,6,8.5,25.5,25.8,0.202,0.19,0
04.12.2024 00:00:00,3.4,12.8,2.04,4.47,3.8,87.79,94.31,91.4,1022.2,2.5,0,0.7,247.5,93.8,98.1,4,6,6.4,8.5,30.7,23.5,0.163,0.15,0
05.12.2024 00:00:00,4.1,12.8,-0.99,3.23,1.2,84.46,93.95,90.2,1025.7,-0.2,0,0.3,225,93,97.8,1.4,5.7,6.2,8.5,4.7,43.6,0.327,0.17,0.1666666667
06.12.2024 00:00:00,3.9,12.8,0.35,3.41,1.6,77.97,92.4,88.6,1012.8,0,2.6,1.5,90,93.2,97.4,1.7,5.3,5.3,8.5,28.1,46.7,0.327,0.2,0
07.12.2024 00:00:00,3.3,12.8,1.61,3.41,2.7,88.63,93.93,92.3,1011.1,1.6,0.6,0.8,112.5,94.1,98.8,2.9,5.3,5.4,8.6,38.6,20.8,0.148,0.15,0
08.12.2024 00:00:00,3.6,12.8,1.2,2.71,1.9,81.63,89.9,86.6,1013.3,-0.1,0,1.1,67.5,94.8,98.9,2.1,5.4,6,8.6,0.5,34.4,0.237,0.18,0
09.12.2024 00:00:00,2.7,12.8,0.01,3.07,1.6,90.5,94.29,92.8,1021.8,0.6,0,2.4,157.5,93.9,98.6,1.9,5.3,5.9,8.5,15.1,14.5,0.082,0.16,0
10.12.2024 00:00:00,2.9,12.8,-0.7,0.64,0,90.24,94.39,92.5,1028.8,-1.1,0,1.7,22.5,92.2,98.6,0.3,4.9,5,8.5,8.8,10.3,0.062,0.15,0
11.12.2024 00:00:00,3.7,12.8,-0.77,1.36,0.4,88.25,94.67,93,1027.9,-0.6,0.6,1.6,315,92.7,98.1,0.7,4.6,5,8.5,16.1,26.4,0.185,0.15,0
12.12.2024 00:00:00,3.3,12.8,-0.7,1.48,0.6,85.47,94.51,90.8,1030.2,-0.7,0.8,1,22.5,92.3,97.9,0.8,4.5,5,8.5,15.6,15,0.113,0.15,0
13.12.2024 00:00:00,4.3,12.8,-0.22,1.12,0.4,78.58,92.24,87.6,1033.5,-1.4,0.2,0.5,180,92,98,0.5,4.4,5,8.5,0,30.8,0.234,0.13,0
14.12.2024 00:00:00,2.9,12.8,-0.97,0.28,-0.3,78.98,89.58,84.1,1017.8,-2.6,0,1.6,202.5,91.5,97.4,-0.1,4,4.1,8.5,0,13.1,0.088,0.16,0
15.12.2024 00:00:00,3.9,12.8,-0.47,3.68,2.1,79.17,93.08,89.1,1014.7,0.5,4,2.3,270,90.7,97,2.1,4,4.1,8.4,15.7,35.1,0.252,0.2,0
16.12.2024 00:00:00,2.9,12.8,3.55,9.57,7.5,87.54,94.76,92.8,1016,6.4,7.2,3.7,315,95.8,98.6,7.5,5.3,5.6,8.9,32.3,17.7,0.1,0.19,0
17.12.2024 00:00:00,2.8,12.8,6.87,8.41,7.5,82.3,91.82,87.1,1019,5.5,1,3.3,315,99.2,99,7.5,6.6,7.1,9.7,14.8,15,0.099,0.31,0
18.12.2024 00:00:00,3.9,12.8,6.04,8.74,7.2,73.15,89.39,82.6,1017.9,4.4,0.2,1.6,202.5,98.8,99.2,7,7,8,9.7,0,35.7,0.269,0.26,0
19.12.2024 00:00:00,3.7,12.8,7.3,10.84,9.1,69.67,81.32,74.4,1003.2,4.8,0.2,1.5,180,98.8,99.1,8.8,7.4,8,9.5,1.6,45.1,0.32,0.39,0
20.12.2024 00:00:00,3.6,12.8,2.41,7.45,4.7,68.61,91.02,78.3,1006.9,1.2,0.4,2.2,315,97.8,99,4.6,7.2,7.9,9.4,5.2,25.3,0.195,0.36,0
21.12.2024 00:00:00,3.8,12.8,1.31,4.04,2.6,70.29,87.1,79.1,1015.8,-0.7,0,1.5,157.5,96.1,99.2,2.8,6.2,7,9.2,0,49.5,0.358,0.27,0
22.12.2024 00:00:00,3.3,12.8,1.67,5.97,3.6,77.57,89.2,82.4,1000.7,0.9,0.4,1.4,157.5,94.6,98.2,3.7,5.9,6.4,9.1,6,24.4,0.178,0.23,0
23.12.2024 00:00:00,3.5,12.8,2.44,3.77,2.9,68.19,89.59,82.9,1006.2,0.2,0,0.9,270,93.3,97.4,3,5.8,6.2,9,0.9,36.3,0.246,0.19,0
24.12.2024 00:00:00,3.4,12.8,2,3.54,2.6,73.65,84.62,78.7,1022.2,-0.7,0,0.2,225,93,96.7,2.8,5.6,6,8.9,0.4,29,0.198,0.16,0
25.12.2024 00:00:00,3.4,12.8,0.56,3.2,2.4,73.39,82.06,77.6,1036.2,-1.1,0,0.3,247.5,92.4,96.5,2.6,5.5,6,8.9,0,27,0.193,0.18,0
26.12.2024 00:00:00,3.5,12.8,-2.12,2.92,0.2,68.82,85.31,78.7,1039.6,-3.1,0,0.3,202.5,90.9,96,-0.1,5,5.3,8.8,0,23,0.175,0.2,0
27.12.2024 00:00:00,4.1,12.8,-1.8,1.93,0.6,79.12,93.01,87,1036.5,-1.3,0,0.2,247.5,89.7,94.7,0.8,4.4,5,8.7,2.6,40.2,0.302,0.16,0
28.12.2024 00:00:00,3.6,12.8,0.05,2.88,1.5,92.18,94.4,93.7,1031.3,0.6,0,0.3,225,89.4,95.4,1.8,4.6,5,8.7,20.8,26.8,0.193,0.12,0
29.12.2024 00:00:00,4,12.8,-1.07,2.89,0.7,82.54,94.58,91,1026.6,-0.6,0,0.7,270,89.8,95.2,0.9,4.6,5,8.7,15.9,36.4,0.28,0.15,0
30.12.2024 00:00:00,2.9,12.8,-1.27,0.42,-0.3,89.53,93.92,92.7,1026.4,-1.3,0,2.2,202.5,89.4,94.2,0,4.2,5,8.6,3.6,11.8,0.07,0.13,0
31.12.2024 00:00:00,3.9,12.8,-0.68,3.06,1,76.89,91.54,82.9,1025.2,-1.6,0,1.8,247.5,88.9,94.1,0.8,4,4.6,8.6,0,40.7,0.307,0.22,0
01.01.2025 00:00:00,4.1,12.8,0.12,6.24,3.1,53.64,78.93,70.9,1015.6,-1.7,0,2.7,247.5,88.4,93,2.9,4,4.3,8.6,0,52,0.391,0.57,0
02.01.2025 00:00:00,3.3,12.8,-0.15,8.26,4.3,48.95,83.96,67.1,1006.7,-1.4,1.4,2.6,225,88.3,93.4,4.1,4.6,5,8.5,1.5,24.5,0.172,0.74,0
03.01.2025 00:00:00,2.9,12.8,-3.04,0.94,-0.2,75.17,89.41,84.7,1008.7,-2.4,0,1.8,225,87.3,92.8,-0.1,4.1,4.8,8.5,9.2,27.3,0.181,0.19,0
04.01.2025 00:00:00,3,12.8,-5.14,-1.16,-3.2,65.6,87.25,78.5,1016.8,-6.4,0,1.5,225,86.9,93.8,-3.2,3.5,4,8.5,0,38.9,0.292,0.21,0
05.01.2025 00:00:00,3.7,12.8,-7.23,-2.01,-3.5,71.93,87.39,78.6,1012.3,-6.7,0,0.9,202.5,86.4,92.9,-3.3,3.1,3.6,8.5,0,53.8,0.411,0.17,0
06.01.2025 00:00:00,4.1,12.8,-2.17,6.79,3.7,78.14,92.61,86.4,999.2,1.6,6.6,1,90,85.9,92.6,3,3.3,3.8,8.5,7.9,49.5,0.363,0.21,0
07.01.2025 00:00:00,3.4,12.8,3.68,7.2,5.8,72.57,86.6,81.2,1003.1,2.9,1,0.9,225,89.3,96.5,5.3,4.2,4.7,8.9,3.6,25.5,0.181,0.23,0
08.01.2025 00:00:00,3.6,12.8,-0.94,4.05,1.3,75.71,91.4,83.8,1005.7,-1.1,1.4,1.4,225,91.8,98.2,1.1,4.3,5,9.1,15.4,19.1,0.148,0.18,0
09.01.2025 00:00:00,3.7,12.8,-1.53,8.75,4,84.11,93.27,89.2,1002.1,2.4,3.4,0.9,157.5,93.2,98.5,3.8,4.1,4.5,9.2,11.3,33,0.246,0.2,0
10.01.2025 00:00:00,3.5,12.8,0.05,8.34,1.4,82,90.89,86.8,1005.6,-0.6,1,2.6,337.5,96.3,99,1.5,4.4,5,9.4,22.7,28.6,0.188,0.23,0
11.01.2025 00:00:00,2.3,12.8,-1.73,0.18,-0.9,82.15,93.18,89.6,1008.4,-2.4,0,2.6,270,96.7,99.2,-0.4,3.8,4.3,9.5,1.1,28.1,0.197,0.16,0
12.01.2025 00:00:00,1.3,12.8,-0.54,0.11,-0.2,88.27,93.2,91.5,1021.3,-1.4,0,3.3,0,96.1,98.8,0,3.6,4,9.5,18.4,21.3,0.155,0.15,0
13.01.2025 00:00:00,2.9,12.8,-2.63,-0.43,-1.7,81.34,93,88.1,1039,-3.4,0.4,1.2,315,96.4,99.1,-0.1,3.4,4,9.6,2.5,60.9,0.474,0.18,0.5
14.01.2025 00:00:00,2.9,12.8,-3.03,0.66,-1.1,71.57,92,82.8,1031.3,-3.7,0.2,1.9,202.5,96.7,99.3,0,3.3,4,9.6,2.6,67.4,0.508,0.29,0
15.01.2025 00:00:00,3.4,12.8,-0.3,1.74,0.9,91.52,94.53,93.8,1026.3,0,10.8,1.1,337.5,97.3,98.9,0.1,3.3,4,9.7,28.9,29.5,0.213,0.13,0
16.01.2025 00:00:00,3.9,12.8,0.42,1.35,0.9,93.84,94.49,94.2,1036.5,0.1,4.8,1,202.5,98.5,99.2,0.7,3.3,4,10.6,22,20.9,0.16,0.13,0
17.01.2025 00:00:00,4.3,12.8,0.57,4.13,1.7,86.08,94.18,91.2,1037.2,0.4,2.4,1.4,337.5,98.9,99.4,1.6,3.4,4,11.2,3.1,42.8,0.333,0.19,0
18.01.2025 00:00:00,4.2,12.8,-1.35,5.47,1.3,68.32,93.35,85.5,1033.7,-0.9,0.2,0.9,292.5,99.2,99.1,1.1,3.4,4,10.9,0,34.5,0.271,0.24,0
19.01.2025 00:00:00,4.3,12.8,-1.39,1.74,-0.6,89.09,93.8,92.9,1029.3,-1.6,0,0.2,247.5,98.6,99.1,-0.2,3.2,3.9,10.4,0.8,47.7,0.375,0.17,0
20.01.2025 00:00:00,4.1,12.8,-1.11,6.62,2.1,70.84,89.61,81.9,1023.6,-0.7,0,0.4,225,96.8,98.7,1.8,3.3,3.9,9.9,0,29.4,0.235,0.21,0
21.01.2025 00:00:00,4.5,12.8,-0.77,3.74,1.3,74.75,89.42,82.8,1019.5,-1.3,0,0.5,270,95.3,98.1,1.2,3.3,4,9.7,3.4,57.8,0.476,0.24,0
22.01.2025 00:00:00,4.5,12.8,-1.77,3.64,0.6,79.73,92.41,88,1016.2,-1.2,0,0.3,247.5,95.1,97.8,0.4,3.3,4,9.5,3,44.3,0.354,0.2,0
23.01.2025 00:00:00,4.5,12.8,-2.05,2.85,0.8,84.91,92.65,89,1009.7,-0.8,0.6,1.4,225,93.3,96.5,0.9,3.1,3.5,9.4,6.2,58,0.469,0.22,0
24.01.2025 00:00:00,4.3,12.8,1.2,5.41,2.9,69.25,88.91,81.4,1014.6,0,0.2,0.7,225,92.7,96.3,2.6,3.6,4,9.3,0.5,33.5,0.282,0.25,0
25.01.2025 00:00:00,4.3,12.8,2.49,9.33,6.4,68.97,86.13,77.1,1012.6,2.7,0.2,1,202.5,92.5,95.5,6.2,4.1,4.5,9.2,1.5,52,0.433,0.33,0
26.01.2025 00:00:00,3.9,12.8,4.22,7.93,6,76.89,88.5,82.7,1010.2,3.2,0.2,0.8,157.5,92,95.2,5.8,5,5.3,9.2,0.8,26.9,0.227,0.21,0
27.01.2025 00:00:00,4.8,12.8,1.58,11.48,6.3,68.5,90.31,81.7,1006.7,3.3,0,0.9,67.5,91.6,95.3,6,5.2,5.8,9.1,0,62.3,0.553,0.39,0
28.01.2025 00:00:00,4.5,12.8,4.73,10.72,7.9,70.91,83.91,78.7,1001.6,4.4,0,1,67.5,91.5,94.3,7.8,5.7,6.3,9,0,50.4,0.42,0.36,0
29.01.2025 00:00:00,4.5,12.8,4.99,9.88,7.6,66.36,90.77,79.2,1007,4.2,0.6,1.6,180,91.7,93.7,7.4,6.3,7,9,6.6,47.3,0.398,0.43,0
30.01.2025 00:00:00,4.6,12.8,2.58,10.89,6.4,63.82,84.54,76.5,1017.9,2.6,0,0.5,225,90.5,93.9,5.8,6.1,7,8.9,0,37.9,0.342,0.33,0
31.01.2025 00:00:00,4.5,12.8,0.87,5.56,3.2,78.89,91.06,84.9,1021.7,0.9,2.6,1.3,270,89.8,94.1,3.1,5.6,6.3,8.8,18.5,33.6,0.314,0.22,0
01.02.2025 00:00:00,4.7,12.8,0.56,2.79,1.8,74.28,91.53,83.6,1030,-0.7,1,1.2,225,89.6,94.4,2,5,5.3,8.9,18.9,48.8,0.424,0.25,0
02.02.2025 00:00:00,4.3,12.8,-0.39,3.2,1.4,73.86,87.9,81.4,1026.3,-1.4,0.2,1,270,90.6,94.6,1.6,4.8,5,8.9,0,51.5,0.423,0.26,0
03.02.2025 00:00:00,4.8,12.8,-2.25,1.49,-0.5,73.04,91.43,85.7,1028.3,-2.6,0,0.8,292.5,89.7,93.6,-0.2,4.2,5,8.8,0,65.6,0.582,0.26,0.8333333333
04.02.2025 00:00:00,4.9,12.8,-0.05,5.01,1.8,59.72,91.07,76.4,1030.9,-2,0,0.6,225,89.7,93.3,1.5,4.1,5,8.8,2.8,45.3,0.413,0.35,0
05.02.2025 00:00:00,4.9,12.8,-3.34,4.44,0.8,62.3,91.07,76.4,1033.5,-3,0.2,0.9,225,88.9,92.8,0.5,3.8,4.2,8.7,0.4,37.8,0.349,0.32,0
06.02.2025 00:00:00,4.3,12.8,-1.12,3.37,1.5,88.94,93.28,91.6,1039.1,0.3,1,0.9,45,87.8,92.8,1.6,3.7,4.1,8.7,16.3,30.4,0.272,0.2,0
07.02.2025 00:00:00,4.6,12.8,-2.43,1.08,-0.3,68.35,93.39,80.8,1040,-3.2,0,2.5,67.5,87.9,92.9,-0.1,3.7,4,8.7,5.9,57.5,0.477,0.45,0.3333333333
08.02.2025 00:00:00,5,12.8,-3.32,2.03,-1,61.72,75.91,70.5,1036.4,-5.7,0.2,2.3,135,88.7,92.7,-0.9,3.2,4,8.7,0,46.5,0.438,0.5,0
09.02.2025 00:00:00,4.7,12.8,-4.31,0.5,-1.7,70.37,82.06,75,1034.1,-5.5,0,1.7,67.5,87.1,92.3,-1.3,2.9,3.1,8.6,0,61.5,0.557,0.36,0
10.02.2025 00:00:00,5.1,12.9,-5.6,2.27,-2.2,48.63,82.89,68.7,1034.5,-7.4,0,2.2,202.5,86.6,91.6,-2.3,2.7,3,8.6,0,34.6,0.332,0.5,0
11.02.2025 00:00:00,5.2,12.9,-7.25,-2.05,-5.3,66.01,82.85,76.4,1034.8,-8.8,0,2.5,67.5,85.9,91.5,-5.1,2.3,3,8.5,0,40.9,0.391,0.34,0
12.02.2025 00:00:00,5.3,12.8,-7.43,0.67,-3.2,60.26,86.88,72.7,1027.5,-7.6,0,2.1,135,84.7,90.7,-2.9,2.1,3,8.4,0,91.8,0.869,0.46,2.833333333
13.02.2025 00:00:00,5.1,12.8,-3.66,3.07,-0.3,68.22,89.34,73.1,1017.9,-4.6,0,0.7,45,84.3,90.8,0,2.2,3,8.3,0,65.4,0.6,0.33,0.5
14.02.2025 00:00:00,3.1,12.8,-2.97,-0.99,-2.1,67.26,90.06,81.5,1019.9,-4.8,0,1.1,45,84.6,91.6,-1.8,2.2,3,8.3,0,48.1,0.427,0.29,0.5
15.02.2025 00:00:00,3.8,12.9,-7.11,-1.4,-3.8,64.46,88.59,77.1,1024.2,-7.2,0,1.2,180,81.7,90.9,-3.5,2,3,8.3,0,97,0.908,0.36,3.333333333
16.02.2025 00:00:00,3.8,12.9,-11.4,-2.17,-5.6,71.87,89.97,84.7,1023.5,-7.8,0,0.7,315,82.4,89.3,-5.1,1.9,3,8.3,0,68.6,0.665,0.25,0.5
17.02.2025 00:00:00,3.8,12.9,-13.82,-2.08,-8.3,54.91,88.78,75.7,1026.9,-11.9,0,0.4,225,81.6,88.6,-7.9,1.7,2.1,8.2,0,41.7,0.4,0.25,0
18.02.2025 00:00:00,4.1,12.8,-11.79,-2.29,-6.1,74.39,87.85,82.5,1028.5,-8.6,0.4,0.8,315,80.6,88.7,-5.7,1.5,2,8.2,0,54.7,0.536,0.23,0
19.02.2025 00:00:00,5,12.8,-8.96,-0.46,-4.8,74.68,89.48,84.5,1032.7,-7.1,0,0.6,337.5,77.9,88,-4.6,1.5,2,8.2,0,85.9,0.848,0.31,2
20.02.2025 00:00:00,5.3,12.9,-9.12,1.25,-3.1,55.66,90.35,75.4,1034.4,-7,0,0.9,180,78.9,87,-3.3,1.5,2,8.1,0,57.8,0.571,0.37,1
21.02.2025 00:00:00,5.6,12.8,-6.87,3.34,-1.4,51.19,73.93,62.8,1032.7,-7.7,1.2,1.4,45,77.9,86.3,-1.7,1.6,2,8.1,0,87.4,0.865,0.53,2.333333333
22.02.2025 00:00:00,5.4,12.8,-3.94,6.24,0.9,48.65,71.65,60,1028.1,-6.1,0.8,1.2,67.5,76.3,85.1,0.3,1.7,2.2,8,0,38.5,0.4,0.52,0
23.02.2025 00:00:00,5.3,12.8,-3,6.64,2,53.39,92.5,69.3,1027.4,-3.2,1.4,0.8,22.5,79.3,86.7,1.8,1.9,2.5,8,2.9,96.2,0.935,0.58,3.833333333
24.02.2025 00:00:00,5,12.8,2.4,4.81,3.7,92.58,94.17,93.8,1026.2,2.8,1,0.5,247.5,77.4,86.8,3.6,2.1,3,8,9.4,34.1,0.32,0.25,0
25.02.2025 00:00:00,5.6,12.8,1.31,8.96,4.5,76.85,94.29,87.9,1018.7,2.6,0,0.6,67.5,80.3,90.7,4.2,2.3,3,8,11.8,95.1,0.975,0.45,3.833333333
26.02.2025 00:00:00,5.7,12.8,-0.4,9.93,5.7,72,93.3,82.9,1015.7,2.9,0.2,0.2,180,83.2,91.1,4.9,2.6,3,8.1,3.4,87.6,0.922,0.49,2.666666667
27.02.2025 00:00:00,5.5,12.8,4.99,9.51,6.6,69.31,88.19,80.6,1017.9,3.5,0,0.4,270,84.9,93.1,6.3,3.6,3.7,8.3,0.1,85.8,0.869,0.52,2.166666667
28.02.2025 00:00:00,4.7,12.8,1.69,5.41,4.1,85.47,93.01,89.7,1019.3,2.6,3.6,0.9,180,87.3,94,4.1,4.4,5,8.5,20.9,33.9,0.323,0.28,0.1666666667
01.03.2025 00:00:00,5.1,12.8,0.49,2.2,1.4,85.13,92.35,90.2,1025.3,0,2.8,1.7,225,89,96.3,1.6,4.2,5,8.7,27.7,40,0.377,0.24,0
02.03.2025 00:00:00,5.2,12.8,-1.31,1.73,0.5,83.33,92.36,88.1,1029.5,-1.2,0.4,1.8,247.5,91.1,97.7,0.8,3.7,4,8.8,7.8,39.7,0.383,0.26,0
03.03.2025 00:00:00,5.6,12.8,1.73,6.22,3.7,71.35,88.63,81.1,1026.5,0.7,0,1.8,337.5,91.2,97.5,3.7,4,4.4,8.8,0.6,69.4,0.743,0.53,2
04.03.2025 00:00:00,6,12.8,0.38,9.46,4.8,58.56,85.17,71.9,1024.6,0,0,1.8,270,91.5,96.8,4.4,4.2,5,8.8,0,169.1,1.874,1,4.666666667
05.03.2025 00:00:00,6.2,12.8,1.46,14.59,8,29.66,67.31,49.9,1023.9,-2.2,0,1.6,225,91.5,95.9,7.1,4.5,5,8.7,0,181.6,1.974,1.64,5
06.03.2025 00:00:00,5.8,12.8,2.68,18.2,9.2,39.48,80.13,55.3,1022.7,0.4,0,0.7,180,91.5,95.9,7.6,4.9,5.3,8.7,0,185.2,2.018,1.42,5.333333333
07.03.2025 00:00:00,6.1,12.8,0.95,17.03,8.8,38.17,82.71,60.1,1021.2,1.2,0,0.3,135,90.8,94.7,6.7,5.1,5.4,8.6,0,191.8,2.113,1.23,6.833333333
08.03.2025 00:00:00,6.2,12.9,-0.1,18.4,9.8,33.9,77.49,53,1017.9,0,0,0.7,202.5,90.2,94.2,8.6,5.3,5.7,8.6,0,191.8,2.125,1.57,5.666666667
09.03.2025 00:00:00,6.2,12.8,6.97,17.34,12.5,38.8,55.59,48,1011.5,1.7,0,1.3,180,90.1,94,12.1,6.3,6.9,8.5,0,118.4,1.351,1.41,5.166666667
10.03.2025 00:00:00,6.2,12.9,7.89,19.31,12.5,41.48,69.67,53.2,1001.4,3.1,0.2,0.8,180,90.1,93,11.6,7.1,7.5,8.5,0,172.2,1.961,1.58,6
11.03.2025 00:00:00,6.5,12.9,6.49,15.98,10.9,43.71,76.57,63.8,1000,4.1,0,1.1,225,88.8,93.2,10.7,7.4,8,8.4,0,159.6,1.794,1.3,5.5
12.03.2025 00:00:00,6.5,12.9,4.46,16.39,9.8,50.92,91.82,75.9,999,5.4,10.6,0.6,90,88.8,92.3,9.4,7.5,8,8.3,4.6,204.2,2.292,1.37,5.666666667
13.03.2025 00:00:00,5.6,12.8,0.3,9.16,6.6,88.75,93.15,91.5,992.8,5.4,13.8,1.1,67.5,92.6,95.5,6.8,7.6,8,9.4,25.3,37.9,0.414,0.34,0
14.03.2025 00:00:00,6,12.8,0.49,5.41,2.7,70.97,92.8,83.2,1007.7,0.1,1.4,1.2,202.5,98.9,99.5,3.1,6.7,7.2,10.7,13.9,107.8,1.14,0.59,4.166666667
15.03.2025 00:00:00,7.1,13,-4.02,5.59,1.1,57.65,91.26,77.7,1018.2,-2.6,0,1.4,180,98.6,99.3,1.2,5.7,6.3,10.2,2.4,207,2.387,0.97,6.833333333
16.03.2025 00:00:00,7.6,13,-6.22,8.26,1.7,37.64,90.47,67.6,1017.4,-4.1,0,1,180,97.4,98.8,1.5,4.7,5.1,9.8,0,262.2,3.025,1.42,7.166666667
17.03.2025 00:00:00,7,13,-3.08,3.13,-0.1,39.8,88.92,67.1,1023.4,-5.7,0.8,2.3,0,95.9,98.9,-0.1,4.1,4.9,9.5,2.1,178.8,2.063,0.99,5.333333333
18.03.2025 00:00:00,8,13.1,-5.88,7.2,0.7,41.31,83.06,61,1030.5,-6.4,0,1.3,315,94.5,97,0.4,3.5,4,9.3,0,250.7,2.93,1.33,7
19.03.2025 00:00:00,7.9,13.1,-3.05,10.86,3.6,36.73,69.11,52.4,1030.2,-5.6,0.2,0.7,270,93.5,95.3,2.3,3.5,4,9.1,0,283.1,3.352,1.64,8
20.03.2025 00:00:00,8,13.1,-1.87,14.1,5.6,36.45,73.09,55.5,1026.9,-3.1,0,0.7,180,91.8,94.7,4.1,3.6,4.2,8.9,0,292.4,3.427,1.83,8.166666667
21.03.2025 00:00:00,8,13.1,-0.67,16.39,7.8,37.8,77.98,56.8,1023.3,-0.7,0,0.7,157.5,90.7,94.1,5.9,4,4.4,8.8,0,276.3,3.315,1.89,8.333333333
22.03.2025 00:00:00,8.3,13.1,2.51,13.9,8.4,43.05,72.06,57.6,1018.8,0.3,0,2.9,157.5,91.4,94.6,7.9,4.6,5,8.7,0,254.9,3.045,2.15,7.65
23.03.2025 00:00:00,7,13,4.35,11.96,7.2,58.76,91.05,72.4,1012.1,2.4,3.4,3.5,67.5,90.6,93.9,7.2,5.3,5.6,8.6,6.6,154.6,1.794,1.36,5.166666667
24.03.2025 00:00:00,5.7,12.8,-0.44,7.53,5.2,82.82,93.48,89.5,1011.3,3.6,1.2,0.8,202.5,91.5,94.3,5.4,5.8,6.4,8.7,9.7,45.9,0.504,0.39,0.1666666667
25.03.2025 00:00:00,8.2,13.2,-2.43,13.53,5.2,51.53,93.3,76.4,1017.3,1,0,0.6,270,92.1,94.8,4.8,5.7,6.5,8.7,2.8,275.8,3.363,1.62,9.333333333
26.03.2025 00:00:00,7.2,13,2.55,13.96,8.1,61.2,89.99,75.8,1017.2,4,0,0.9,292.5,91.5,94,7.8,6,6.5,8.6,1,162.8,2.046,1.15,7.166666667
27.03.2025 00:00:00,6.3,12.8,-0.85,7.38,5.3,71.56,90.62,83.3,1019.8,2.6,0,0.9,315,91.1,93.8,5.5,6.6,7,8.6,8.9,55.7,0.653,0.52,0.1666666667
28.03.2025 00:00:00,8.9,13.2,-2.27,14.15,7.2,56.02,92.84,73.4,1016.5,2.5,0,1.5,180,90.6,93,6.8,6.2,7,8.5,2.7,315.1,3.918,1.96,9.666666667
29.03.2025 00:00:00,8.3,13.2,6.39,17.17,11.3,46.13,79.47,63.8,1011,4.5,0,2.6,45,90.7,92.5,10.9,7,7.4,8.4,0,242.1,3.045,2.14,8.833333333
30.03.2025 00:00:00,7.4,13,1.72,12.75,8.5,62.42,87.63,70.4,1009.2,3.3,0,0.8,247.5,89.3,92.9,8.5,7.3,8,8.3,0,152.2,1.943,1.17,6
31.03.2025 00:00:00,6.9,12.9,1.49,11.79,7.8,56.8,89.55,71.9,1014,2.9,0,1.2,180,89.5,91.4,7.9,7.5,8,8.2,0,152.8,1.825,1.24,5.65
01.04.2025 00:00:00,7.2,13,3.91,13.96,8.2,55.49,87.25,74.2,1023.4,3.7,0,2.1,315,89.2,91,8.4,7.5,8,8.1,0.3,167,1.98,1.26,4.833333333
02.04.2025 00:00:00,8.9,13.2,3.65,16.53,10.3,38.49,87.31,63.4,1024.5,3.1,0,2.2,45,88.4,91.2,9.8,7.9,8.3,8.1,0,322.6,4.084,2.36,9.833333333
03.04.2025 00:00:00,8.3,13.2,4.5,18.15,10.9,49.85,83.4,65.3,1025.7,4.5,0,1.4,337.5,88.4,91,10,7.9,8.5,8,0,328.2,4.223,2.42,10.16666667
04.04.2025 00:00:00,8.3,13.3,3.24,20.25,13,46.31,91.67,65.2,1019.8,6.1,0,0.9,202.5,87.9,90.1,11.6,8.2,8.7,7.9,0,330.3,4.212,2.65,10
05.04.2025 00:00:00,7.5,13.1,-0.3,12.03,4.1,47.89,83.48,64.2,1013.1,-2.1,0,3.4,337.5,86.2,90.3,4.2,7.8,8.4,7.9,0.7,210.5,2.699,1.52,7.516666667
06.04.2025 00:00:00,8.5,13.2,-1.88,3.99,0.8,41.34,67.48,54.7,1019.6,-7.4,0,3.5,337.5,86.2,90,1,6,7.1,7.8,0,255.4,3.294,1.64,8.666666667
07.04.2025 00:00:00,8.2,13.2,-2.04,7.93,3.1,44.67,76.68,61.8,1021.1,-3.6,0.2,2.4,337.5,84.6,88.7,3.1,5.5,6.4,7.7,0,261.8,3.411,1.68,7.833333333
08.04.2025 00:00:00,7.8,13.2,0.79,8.92,4.6,44.32,83.29,61.3,1023.9,-2.6,0,2.8,45,83.2,89.3,4.6,5.8,6.9,7.7,0,250.8,3.094,1.69,8
09.04.2025 00:00:00,6.7,13,-2.11,8.06,4.2,54.04,73.62,62.6,1020.1,-2.3,0,1.5,225,83.8,88.5,4.3,5.8,6.8,7.7,0.1,154.1,1.917,1.17,6.166666667
10.04.2025 00:00:00,7.7,13.2,-1.39,6.85,3.1,44.91,87.26,63.8,1019.1,-3.5,0.4,2.5,337.5,82.6,89,3,5.8,6.8,7.7,2.5,186.5,2.447,1.3,9
11.04.2025 00:00:00,5,12.8,5.47,7.54,6.5,58.29,89.39,78.1,1011.4,2.9,2.4,2.2,315,82.9,88.6,6.3,6.3,7,7.6,2.7,38,0.48,0.6,0.1666666667
12.04.2025 00:00:00,8.4,13.2,2.09,16.39,9.1,51.63,92.09,73.8,1015.9,4.4,0,0.7,247.5,83.7,88,8.7,6.9,7.4,7.6,2.1,292,3.868,2.09,9.833333333
13.04.2025 00:00:00,8.6,13.2,4.81,22.91,14.4,42.05,87.18,61.4,1011,6.6,0,1.1,202.5,84.9,88.1,14,8.1,8.5,7.6,0,329.6,4.414,2.85,9.666666667
14.04.2025 00:00:00,7.3,13.1,12.07,23.57,17.8,46.61,69.38,57.8,1011,9.3,0,0.6,225,86.5,88.4,17.1,9.9,10.5,7.6,0,245.1,3.139,2.23,8
15.04.2025 00:00:00,6.9,13,10.01,19.2,14.2,60.16,88.6,74.6,1010.5,9.6,1,1.8,180,85.9,88.9,14.3,10.8,11.5,7.6,2.8,168,2.203,1.73,7.833333333
16.04.2025 00:00:00,8,13.2,11.93,26.73,18.6,46.56,89.52,69.7,1011,12.5,0.4,1.1,225,87.2,88.5,18.1,11.6,12.3,7.6,2.2,292.1,3.995,2.8,8.666666667
17.04.2025 00:00:00,8.3,13.2,13.93,28.52,21.4,38.61,77.37,56.3,1012.3,11.9,0,1.3,90,86.5,89.1,20.8,12.8,13.3,7.6,0,309,4.247,3.54,10.5
18.04.2025 00:00:00,6.6,13,14.32,23.56,18.4,59.73,85.3,72.2,1009.6,13.3,0.2,1,45,87.2,89.4,18.1,13.4,14,7.6,0,155.2,2.079,1.67,5.333333333
19.04.2025 00:00:00,7.4,13.1,10.26,19.1,13.8,52.88,86.62,71.8,1011,8.6,0,1.1,202.5,86.5,88.8,14.4,13.1,13.7,7.6,0,234.1,3.119,2,8.666666667
20.04.2025 00:00:00,8.5,13.3,9.69,24.25,17.1,40.88,78.42,58.7,1008.7,8.5,0,1,180,87,89.2,17,13,13.6,7.6,0,364.9,5.061,3.4,11
21.04.2025 00:00:00,8.4,13.2,7.55,25.27,17.3,42.71,86.84,62.1,1009.1,9.5,0,0.6,180,85.9,89.2,17.2,13.2,13.7,7.5,0,300.9,4.178,2.99,10.16666667
22.04.2025 00:00:00,7.6,13.1,8.89,20.39,14.6,56.64,86.38,71.9,1014,9.5,0,1.1,225,85.6,88.7,14.7,13.3,14,7.5,0,198.1,2.784,1.9,7.666666667
23.04.2025 00:00:00,7.7,13.1,7.47,20.81,15.4,51.23,91.96,70.4,1016.4,9.7,0,0.8,180,85.7,88.8,15.6,13.2,13.9,7.5,0,222.6,3.13,2.16,9.333333333
24.04.2025 00:00:00,6.9,13,10.49,21.25,15.9,49.36,90.7,69.3,1012.8,10.1,6.6,1.8,67.5,85.7,88.1,16.3,13.6,14.3,7.5,2.4,187,2.47,2.1,7.666666667
25.04.2025 00:00:00,6.8,12.9,7.16,15.06,10.4,54.66,92.7,78.4,1015.8,6.5,2.2,1.9,22.5,83.6,88,10.6,12.8,13.5,7.5,5.2,149.5,2.07,1.27,6.333333333
26.04.2025 00:00:00,9.6,13.3,1.42,12.56,7.2,46.19,78.71,62.2,1024.8,0.3,0.2,1.6,337.5,83.3,87.8,7.8,11.4,12.2,7.4,0,359.2,5.047,2.42,11
27.04.2025 00:00:00,9.6,13.3,2.11,13.77,8,39.46,71.02,54.8,1030.2,-0.8,0,1.5,157.5,80.4,87.9,8.6,10.7,11.5,7.4,0,386.6,5.502,2.82,11.33333333
28.04.2025 00:00:00,9.2,13.3,2.17,20.39,11.7,33.32,76.02,51.2,1027.7,1.4,0,0.8,202.5,81,88.1,12.4,11,11.7,7.4,0,371.7,5.395,3.25,11.16666667
29.04.2025 00:00:00,8.3,13.2,2.55,20.16,13.2,42.61,85.76,60.4,1022.8,5.1,0,1.1,225,82,87.2,13.4,11.6,12.4,7.4,0,252,3.604,2.64,10.5
30.04.2025 00:00:00,9.4,13.3,4.29,21.53,14.5,35.28,90.96,62.1,1021.9,6.8,0.2,1.2,22.5,82,87,15.2,12.4,13.3,7.4,0,350.6,5.155,3.3,11
01.05.2025 00:00:00,8.6,13.2,5.66,20.19,14,48.09,88.88,66.3,1021.7,7.5,0,1.1,337.5,82.4,87.8,14.5,13,13.7,7.4,0,297.4,4.313,2.7,10.35
02.05.2025 00:00:00,8.8,13.2,7.59,26.83,18.2,39.1,82.04,58.1,1016.1,9.3,0,0.9,180,82.6,87.6,19,13.6,14.2,7.4,0,347.1,5.06,3.57,11.66666667
03.05.2025 00:00:00,8.2,13.2,11.14,23.61,17.8,56.1,91.1,72.4,1008,12.5,3.6,1.3,202.5,83.1,87.6,18.3,14.7,15.3,7.4,4,269.9,3.836,2.78,11
04.05.2025 00:00:00,8,13.1,8.14,14.83,12.6,53.31,92.64,73.7,1004.5,7.8,5.4,2.1,157.5,81.1,87.4,13.1,14.4,15.1,7.4,3.4,242.4,3.442,2.08,8
05.05.2025 00:00:00,7.3,12.9,4.52,9.06,6.7,60.96,84.46,72.7,1015.1,2.1,0.6,1.7,337.5,80.1,87.5,7.2,12.4,13.2,7.3,0,113.3,1.658,1.08,5.166666667
06.05.2025 00:00:00,8.6,13.2,2.71,15.29,8.7,42.31,80.7,59.1,1016.6,0.8,0.2,1.2,67.5,79.1,86.7,10,11.7,12.3,7.3,0,281.7,4.192,2.44,10.83333333
07.05.2025 00:00:00,9.7,13.2,2.18,13.34,7.8,42.22,86.98,62.7,1018.8,0.7,0,1.7,337.5,79,87,9.4,11.8,12.6,7.3,0,351.2,5.167,2.56,10.83333333
08.05.2025 00:00:00,9.8,13.3,0.63,11.74,6.5,44.57,80.39,59.4,1019.5,-1.2,0,1.4,202.5,76.4,85.8,8.4,11.5,12.5,7.3,0,352.4,5.233,2.5,11.16666667
09.05.2025 00:00:00,8.3,13.2,2.13,13.5,8.8,45.41,75.85,59.4,1020,1.1,0,1.2,45,78.9,86.7,9.9,11.6,12.5,7.3,0.3,246.7,3.506,2.08,8.5
10.05.2025 00:00:00,7.5,12.9,4.04,12.13,9.2,57.35,86.86,74.7,1018.3,4.9,0.8,1.6,315,75.5,85.9,9.4,11.8,13,7.3,4.7,146.2,2.048,1.32,5.816666667
11.05.2025 00:00:00,8.6,13.2,0.45,13.53,8.1,45.85,89.39,63.9,1020.1,1.3,0.2,1.1,0,74.4,86.4,9.5,11.4,12.3,7.2,0,273.5,4.069,2.26,11
12.05.2025 00:00:00,8.7,13.2,2.11,14.9,9.5,41.15,84.05,59,1019.3,1.5,0,1.1,0,74,85.8,11.2,11.9,12.6,7.2,0,296.8,4.51,2.56,10.66666667
13.05.2025 00:00:00,9.4,13.3,4.23,17.62,12,35.93,82.48,53.7,1019,2.5,1,1.3,0,77.3,86,13.6,12.7,13.4,7.3,0.4,318.3,4.832,3.03,10.83333333
14.05.2025 00:00:00,7.9,13.1,7.41,20.39,13.5,44.29,88.72,70.2,1011,7.8,1.8,1.7,247.5,76.6,85.2,14.2,13.5,14.3,7.3,3.3,238,3.458,2.61,8.833333333
15.05.2025 00:00:00,8.3,13.1,3.09,10.51,6.5,53.58,88.89,72.3,1009.2,1.7,0.4,2,247.5,73.7,86.2,7.5,12.5,13.2,7.2,1.6,221.8,3.331,1.73,9.333333333
16.05.2025 00:00:00,7.7,12.9,4.61,10.96,7.2,59.6,90.75,80,1008.6,3.8,5.2,2.1,270,66.6,85.1,7.4,11.5,12.2,7.2,10.1,136.5,2.018,1.14,7
17.05.2025 00:00:00,8.1,13,4.29,11.16,7,63.52,90.95,81.2,1005.7,4,3.6,2.3,292.5,67.8,84.1,7.6,11,11.8,7.2,6.4,137.6,2.135,1.2,6.183333333
18.05.2025 00:00:00,7.4,12.9,4.73,9.88,6.7,78.26,90.67,87.8,1007,4.8,8.2,0.9,247.5,70.2,84.6,7.2,10.7,11.5,7.2,11.5,117.9,1.778,0.94,3.833333333
19.05.2025 00:00:00,8.4,13.1,6.2,15.5,10,58.07,92.22,79.3,1012.7,6.4,0,1.4,292.5,72.3,82.8,11.1,11,11.3,7.2,0,215,3.241,1.86,8.5
20.05.2025 00:00:00,8.6,13.2,9.78,21.18,15.3,49.16,92.15,70.1,1014.8,9.5,0.2,1.7,292.5,73,86.4,16.6,13.2,13.7,7.2,2.6,324,4.703,3.21,8.5
21.05.2025 00:00:00,8.5,13.2,10,24,15.7,45.02,91.05,74.1,1010.5,10.7,12.2,0.9,247.5,75.6,86.5,17.2,14.8,15.2,7.3,1.8,290,4.28,2.92,9.333333333
22.05.2025 00:00:00,7.7,13,10.15,17.42,13.3,60.92,90.42,79.6,1007.4,9.7,3,0.9,202.5,78.2,89.1,13.4,14.8,15.2,7.3,4.9,161.4,2.398,1.66,8.166666667
23.05.2025 00:00:00,9.2,13.2,5.04,16.32,10.9,43.42,89.85,64.4,1013.2,4,0.2,1.3,315,82.1,90.8,12.1,13.9,14.5,7.4,0.6,311.9,4.873,2.79,11.16666667
24.05.2025 00:00:00,9.5,13.2,2.48,17.63,10.9,42.34,89.38,62.7,1016.3,3.5,0,1.1,247.5,83.8,91.4,12.9,14,14.4,7.4,0,324.8,5.093,3.07,10.16666667
25.05.2025 00:00:00,9.5,13.3,2.82,21.05,13.3,39.23,91.01,58.9,1014.8,4.7,0,0.8,157.5,86.5,91.3,16.1,14.9,15.3,7.5,0,374.7,5.776,3.59,12.5
26.05.2025 00:00:00,8.2,13,7.18,19.67,13.4,63.73,89.5,77,1012.7,9.4,1,0.8,180,85.6,90.5,14,15.2,16.1,7.5,4.3,178.1,2.832,1.83,7.666666667
27.05.2025 00:00:00,9.6,13.2,7.59,22.16,15.8,43.94,92.74,66.7,1017.9,9.1,0.2,1,67.5,85.3,90.6,18.1,15.8,16.4,7.5,4.7,342.8,5.324,3.45,10.5
28.05.2025 00:00:00,8.2,13.2,7.66,24.38,16.4,43.83,91.85,69.8,1012.3,10.2,1.6,1,180,85.7,90.9,18.4,16.9,17.7,7.5,2.9,283.8,4.281,3.2,9.666666667
29.05.2025 00:00:00,7.2,12.9,10.48,17.84,14.1,47.18,92.85,73.4,1013.3,9.1,5.6,2.7,22.5,83.6,90.4,14.3,16.2,16.8,7.5,1.8,142.6,2.148,1.88,6.333333333
30.05.2025 00:00:00,7.8,13,3.88,18.41,13.3,53.94,91.43,76.8,1018.5,9.1,0,0.9,315,83.1,90.3,13.9,15,15.5,7.4,0.1,164.6,2.594,1.83,7.833333333
31.05.2025 00:00:00,8.5,13.1,13.6,25.95,19.5,51.85,92.3,72.4,1017.9,14,0.2,1,270,83.2,90.4,20.3,16.1,16.7,7.4,0.1,252.4,4.012,3.03,10.66666667
01.06.2025 00:00:00,8.3,13.1,13.27,27.48,20.6,52.15,87.87,68.7,1015.6,14.4,0.6,0.7,112.5,82.7,90.1,21.6,17.5,18.2,7.5,0.5,246.5,3.787,2.85,9.333333333
02.06.2025 00:00:00,8.2,13.1,16.13,24.04,19.9,58.75,88.07,72.9,1013.9,14.8,1,1.2,247.5,82.9,90.3,20.4,18.3,18.9,7.5,1.2,236.6,3.758,2.7,10
03.06.2025 00:00:00,8.5,13.1,14.85,25.52,19.5,48.54,87.07,71.6,1014.6,14,0,0.9,45,81.6,89.9,20.4,18.3,18.9,7.4,0,250.7,4.062,2.92,10.5
04.06.2025 00:00:00,8.8,13.2,14.52,29.7,22,46.81,82.34,66.3,1013.1,15,0.4,1.2,45,81.7,89.9,23.4,18.9,19.6,7.4,0,279.8,4.487,3.58,9.666666667
05.06.2025 00:00:00,8.4,13.1,18.54,26.29,21.9,51.18,84.76,70.3,1010.9,16,0,1.4,225,81.5,89.1,22.8,19.9,20.5,7.4,0,257.8,4.084,3.13,10.16666667
06.06.2025 00:00:00,8.2,13,15.62,26.18,20.9,47.57,83.22,67,1012,14.3,0.4,1.5,157.5,79.8,88.9,21.6,19.7,20.4,7.4,0.1,238.4,3.791,3.24,11.83333333
07.06.2025 00:00:00,7.3,12.8,15.06,22.21,17.4,65.87,91.18,83.2,1012.4,14.4,7.2,0.7,135,74.8,87.9,17.3,19,19.7,7.3,5.4,95.5,1.517,1.24,3.5
08.06.2025 00:00:00,8.2,12.9,11.84,20.66,16.5,65.86,91.52,78.2,1010.3,12.6,0.4,1.4,202.5,72.4,87.1,16.6,17.8,18.5,7.3,1.7,153.2,2.377,1.87,8
09.06.2025 00:00:00,8.1,13,7.76,16.34,12.3,58.94,89.14,77,1018.4,8.3,3.4,2,315,68.5,85.8,13,16.6,17.3,7.2,1.1,202.3,3.084,2.03,9
10.06.2025 00:00:00,8.5,13.2,6.11,21.46,15.1,46.78,91.54,69.1,1019.1,8.9,2.8,0.8,202.5,69,85.8,16.2,16.3,16.8,7.2,4,259.3,4.145,2.85,10.83333333
11.06.2025 00:00:00,7.8,12.9,10.89,16.8,14.3,66.21,92.12,81.3,1014.6,11,2.2,1.7,270,63,86.3,14.4,16.6,17.3,7.2,4,132.5,2.092,1.54,6.666666667
12.06.2025 00:00:00,9.5,13.3,6.62,20.9,14.8,46.66,90.61,66.5,1022.1,8.2,0,1.6,315,62.2,86.7,16,16.5,16.9,7.1,0,357.1,5.66,3.59,11.83333333
13.06.2025 00:00:00,8.4,12.9,7.26,19.38,12.9,63.88,87.81,76.8,1027.1,8.8,0,1.2,225,62,85.8,13.3,16.3,16.9,7.1,0,151.5,2.44,1.62,10.16666667
14.06.2025 00:00:00,9.6,13.3,8.6,23.52,16.9,44.95,92.2,66.5,1025.3,10,0,1.1,180,65.4,86.8,19.1,17.1,17.5,7.1,1,395.8,6.472,4.17,12.16666667
15.06.2025 00:00:00,9.6,13.3,8.64,29.85,20.5,32.86,84.54,54.8,1019.8,10.1,0,0.7,135,67.7,86.9,23.3,19.2,19.7,7.2,0,396.5,6.456,4.61,12.16666667
16.06.2025 00:00:00,7.4,12.9,14.25,24.18,17.7,56.2,91.94,76.5,1017.7,13.3,1.6,1.4,202.5,65.1,85.1,17.9,19.7,20.3,7.2,2.7,159.1,2.58,1.99,6.166666667
17.06.2025 00:00:00,9.1,13.2,11.65,23.38,17.9,53.72,92.53,71.8,1022.6,12.4,0,1.5,315,62.3,85.1,19.1,18.8,19.4,7.2,1,300.8,4.85,3.33,12.66666667
18.06.2025 00:00:00,8.9,13.2,12.15,27.59,21.1,46.39,87.27,63.2,1019.7,13.4,0,1.5,225,61.7,85.7,22.6,19.6,20,7.2,0,289.3,4.639,3.94,11.33333333
19.06.2025 00:00:00,8.1,13.1,12.44,22.2,17.6,44.98,86.33,63.6,1018.2,10.3,0,2.2,292.5,56.9,85.2,18.6,19.6,20.2,7.1,0.2,219.8,3.482,3.09,8.833333333
20.06.2025 00:00:00,9,13.2,9.56,21.31,16,45.17,77.68,60.1,1022.3,8.1,0,2.1,337.5,55.7,84.3,17.4,18.9,19.6,7.1,0,277.8,4.5,3.36,10.66666667
21.06.2025 00:00:00,9.8,13.3,5.77,25.36,18.2,35.61,85.65,53.5,1023.3,7.8,0,1,247.5,49.4,83.4,20.8,19.4,19.9,7,0,378,6.12,4.4,11.83333333
22.06.2025 00:00:00,9.4,13.2,15.11,28.16,22.3,44.95,64.7,53,1017.9,12.2,0,1.7,45,51,82.2,23.9,20.8,21.2,7,0,344.9,5.585,4.49,12.16666667
23.06.2025 00:00:00,8.3,13.1,16.6,31.17,22.9,42.69,85.21,55.1,1009.3,13,3,2,157.5,50.4,81.6,24.3,21.4,21.8,7,1.2,292.3,4.445,4.35,10.66666667
24.06.2025 00:00:00,8.5,13.1,11.57,20.83,16.9,47.19,83.73,63,1010.2,9.5,0,1.8,337.5,44.2,78.7,17.8,19.9,20.5,7,0,257,4.323,3.05,10.18333333
25.06.2025 00:00:00,8.3,13,15.98,24.35,18.7,60.49,88.46,71.8,1009.5,13.4,2,1.9,292.5,39.6,79.3,19,19.4,20,6.9,0.8,188.4,3.026,2.39,9.666666667
26.06.2025 00:00:00,9.5,13.3,8.99,28.78,20.6,46.2,91.85,63.5,1014.1,13,0.2,0.9,225,36,78.1,23,19.8,20.2,6.9,0,372.9,6.039,4.17,12.5
27.06.2025 00:00:00,7.5,12.9,13.52,23.56,19.1,64.98,91.5,80.9,1014.6,15.6,7,2,292.5,32.7,77.4,19.5,20.5,21.1,6.9,4,141.1,2.245,1.98,6
28.06.2025 00:00:00,9.4,13.2,12.95,24.68,19.2,53.43,88.88,69.1,1020.6,13.1,0,1.9,22.5,35.4,76.6,20.5,19.6,20.1,6.9,0,325.4,5.269,3.68,11.66666667
29.06.2025 00:00:00,7.7,13,17.31,26.16,21.4,52.31,86.23,72,1017.8,16.1,0.6,1.9,315,31.3,77.1,22,20.4,21,6.9,0.8,179.8,2.915,2.67,6.5
30.06.2025 00:00:00,9.5,13.3,12.53,23.15,18,49.74,77.19,62.3,1018.6,10.5,0,2.2,202.5,30.1,73.5,19.5,19.8,20.2,6.9,0,358,5.797,4.03,11.66666667
01.07.2025 00:00:00,9.6,13.3,8.47,27.34,19.7,37.11,85.66,54.5,1020.7,9.7,0,1,45,28.7,72.2,22.3,20.8,21.3,6.9,0,392.1,6.291,4.52,11.83333333
02.07.2025 00:00:00,9.3,13.2,11.31,34.24,24.4,32.89,80.88,50,1018.9,12.4,0.4,0.7,180,27.4,72.4,27.2,22.3,22.6,6.9,0,403.2,6.471,5.14,12
03.07.2025 00:00:00,9.1,13.2,17.17,35.81,25.8,32.95,82.33,54.8,1016.6,15.3,0,1.8,45,24.3,77.1,28,23.8,24.1,6.9,0.3,377.4,5.878,5.44,11.16666667
04.07.2025 00:00:00,9.4,13.2,11.51,23.12,18.2,44,83.34,59.5,1023.4,9.8,0,1.8,292.5,24.2,58.1,20.1,23,23.4,6.9,0,342.7,5.549,4.02,11.66666667
05.07.2025 00:00:00,9.5,13.3,8.82,29.05,20.7,33.23,84.44,52.1,1018.6,9.5,0,0.8,247.5,21,53.3,23.7,22.6,23,6.9,0,388.8,6.304,4.65,12.16666667
06.07.2025 00:00:00,8.9,13.2,16.09,32.57,24.2,34.77,63.67,50.1,1009,12.8,0.2,0.8,202.5,19.6,61.1,25.8,23.3,23.6,6.9,0,275.6,4.464,3.8,9.833333333
07.07.2025 00:00:00,7.1,12.9,16.02,22.91,19.7,55.05,87.05,72.7,1002.6,14.5,1.4,0.8,247.5,17.3,37.1,19.8,22.5,23.2,6.8,2.8,107.2,1.662,1.52,6.166666667
08.07.2025 00:00:00,7.3,12.9,14.52,22.62,17.9,62.27,93.24,81.9,1005,14.6,15.8,1.1,180,15.2,16.2,18.5,20.9,21.7,6.8,6.9,156.8,2.445,1.86,9
09.07.2025 00:00:00,6.6,12.8,13.01,15.8,14.2,92.81,93.93,93.3,1009.4,13.1,28.2,2,45,27.8,52.9,14.4,18.9,19.7,6.8,20.1,49,0.731,0.65,0
10.07.2025 00:00:00,7.8,12.9,12.56,21.71,16,49.77,94.07,75,1012.5,11.2,0.6,2.2,270,96.3,99.1,16,17.9,18.6,6.9,1.3,167.6,2.605,2.18,6.333333333
11.07.2025 00:00:00,7.3,12.8,12.23,17.08,14.3,62.2,89.58,76.3,1010.6,10.1,3.6,1.6,337.5,93.9,98.5,14.2,18.2,18.2,7.1,4.2,76.3,1.219,1.21,2.666666667
12.07.2025 00:00:00,7.7,12.9,11.97,21.73,15.7,60.61,92.52,82,1011.4,12.5,4,1.1,180,94,98.7,15.8,16.9,17.6,7.3,7.9,128.2,1.923,1.43,5.666666667
13.07.2025 00:00:00,7.6,12.9,14.39,24.27,17.8,62.91,88.56,79.9,1013.6,14.2,3.2,0.9,112.5,94.3,98.2,18,17.8,18.4,7.6,1.8,158,2.538,1.9,7
14.07.2025 00:00:00,8.6,13.2,14.11,28.43,21.5,48.51,92.55,70.5,1013.4,15.5,0,1,225,93.9,97.2,22.6,19.3,19.7,7.7,0.1,306.4,4.756,3.63,9.666666667
15.07.2025 00:00:00,8.3,13.1,13.97,28.2,21.2,50.48,87.09,70.6,1012.9,15.3,0.8,1.1,270,92.5,95.9,22.3,20.6,21.1,7.8,1.1,265.3,4.17,3.27,10.83333333
16.07.2025 00:00:00,8.7,13.2,15.53,24.24,19.4,42.79,89.56,66.9,1010.8,12.6,0,1.9,202.5,91.4,93.8,20.7,20.8,21.4,7.7,0,277.8,4.313,3.31,10.16666667
17.07.2025 00:00:00,7.8,13,13.9,23.5,17.4,49.13,86.42,71.3,1010.6,12,0.2,0.9,225,89.9,93,18.1,20.3,21.1,7.6,0.2,176.1,2.772,2.06,7.166666667
18.07.2025 00:00:00,7.9,13.1,12.7,24.34,18.3,55.14,91.41,72.8,1012.5,13,0.2,0.7,202.5,88.8,92.3,19.5,19.9,20.5,7.6,0,239.5,3.644,2.66,9.333333333
19.07.2025 00:00:00,8.2,13.1,13.01,25.51,18.9,61.46,92.61,80.1,1009.8,15.2,2.8,1.1,270,88.3,91.8,20,20.1,20.7,7.5,0.9,228.3,3.549,2.58,7.833333333
20.07.2025 00:00:00,8.2,13.1,17.28,28.07,21.6,54.88,93.93,78,1007.6,17.3,0.4,1,22.5,86.8,91.5,22.2,20.7,21.3,7.5,3.4,246.5,3.825,2.87,9.5
21.07.2025 00:00:00,8.9,13.2,14.65,31.54,24.3,44.92,93.67,65.5,1006,16.8,0.6,1.2,180,86,90.8,26.2,21.8,22.4,7.4,0.8,346.1,5.435,4.54,12
22.07.2025 00:00:00,8,13.2,15.64,26.44,20.8,51.84,91.65,71.6,1005.9,15.2,2.2,1.8,45,83.6,91,22,22.2,23,7.4,1.8,273.6,4.071,3.1,8.333333333
23.07.2025 00:00:00,7.7,13,14.76,24.41,18.7,58.1,91.65,76.4,1010.5,14.4,7.4,1.1,180,79.4,89.9,19.4,21.2,22.1,7.4,1.9,204.7,3.146,2.3,8
24.07.2025 00:00:00,8.5,13.1,15.35,26.87,20.6,54.82,91.17,72.5,1010.8,15.2,0.2,1.4,225,79.1,89,21.2,20.8,21.4,7.4,0,263.3,4.088,3.16,11.16666667
25.07.2025 00:00:00,8.1,12.9,15.03,25.27,20.7,58.65,90.73,73.2,1012.9,15.6,0,0.6,180,77.1,88.9,21.1,20.8,21.5,7.3,0,172,2.601,2.07,8.333333333
26.07.2025 00:00:00,7.7,13.1,15.55,27.93,22.2,51.79,89.56,71.5,1012.4,16.5,0,0.8,337.5,75.3,88.9,23.1,21.1,21.6,7.3,0,230.2,3.5,2.79,9.5
27.07.2025 00:00:00,6.9,12.9,17.99,24.03,20,73.64,92.72,86.1,1007.9,17.6,5.6,1.4,315,72.1,87.1,20.3,21,22,7.3,6.2,135.4,1.983,1.55,5.833333333
28.07.2025 00:00:00,5.8,12.8,14.42,17.84,16.8,92.31,93.84,93.3,1002.2,15.7,30.8,2.1,247.5,72.9,91.7,16.9,19.9,20.8,7.3,19.2,35.1,0.503,0.56,0
29.07.2025 00:00:00,8.4,13.1,11.59,22.91,17.3,54.26,93.04,75.5,1009.7,12.7,0,2,202.5,89.8,99.4,17.7,19,19.7,7.7,0.2,230.9,3.47,2.56,10.5
30.07.2025 00:00:00,8.9,13.2,11.13,24.38,18.1,45.93,90.15,67,1013.8,11.4,0,1.2,315,93.9,98.3,19.3,19.3,19.8,7.8,0,324,4.922,3.54,10.83333333
31.07.2025 00:00:00,7.3,12.9,12.51,22.16,16.6,60.73,91.31,76.3,1013.3,12.3,3.8,0.6,225,91.5,95.5,17,19.4,20,7.8,2.6,167.4,2.512,1.75,7.333333333
01.08.2025 00:00:00,7.6,13,12.63,22.19,17.1,60.31,90.88,78,1010.5,13.1,0.2,0.7,180,90.3,95.1,17.5,18.9,19.7,7.8,0.1,204,3.102,2.12,9.166666667
02.08.2025 00:00:00,8.7,13.2,12.84,26.91,20.3,48.57,92,70,1011.2,14.3,0.2,0.7,157.5,89.6,94.2,21.6,19.4,20.1,7.7,0,315.3,4.741,3.29,10.66666667
03.08.2025 00:00:00,7.4,13,15.58,24.04,19,63.63,88.51,78,1013.3,15,0.4,1.1,180,89.4,93.3,19.5,19.9,20.8,7.7,1.4,184.4,2.748,2.01,7.5
04.08.2025 00:00:00,8,13.1,13.34,22.81,18,56.58,89.08,73.2,1017.4,13,0,1,247.5,87.1,92.9,18.6,19.5,20.4,7.6,0,261.3,3.888,2.66,10.16666667
05.08.2025 00:00:00,8.2,13.2,12.75,27.53,19.2,46.22,92.09,70.6,1016.4,13.2,9,1.2,180,86.7,92.5,20.5,19.6,20.4,7.6,4,338.3,4.748,3.58,10.16666667
06.08.2025 00:00:00,8.4,13.2,10.92,21.01,16.2,50.59,92.78,73.5,1020.8,11.1,2,1.4,315,85.3,92.3,16.8,19.2,20.2,7.5,3.3,260.5,3.835,2.62,8.166666667
07.08.2025 00:00:00,8.5,13.2,8.95,24.36,17.4,44.72,88.44,64.9,1022.2,10.2,0.4,0.6,22.5,82.5,91.3,17.9,18.7,19.5,7.5,0,289.7,4.31,2.93,11.33333333
08.08.2025 00:00:00,7.9,13.1,13.7,27.12,19.9,44.42,78.87,63.8,1018.6,12.6,0.6,0.9,180,81.8,91,20.1,19,19.8,7.4,0,210.9,3.098,2.59,8.166666667
09.08.2025 00:00:00,8.8,13.2,12.92,29.29,21.6,40.53,91.72,63.4,1021.1,13.7,0,0.5,337.5,79.4,90.6,22,19.7,20.4,7.4,0,360.9,5.299,3.87,11.66666667
10.08.2025 00:00:00,8,13.1,15.14,27.29,21.1,47.22,75.25,63.1,1020.3,13.7,0.8,1.6,225,77.8,90.3,21.4,20,20.9,7.4,0,276.3,3.97,3.46,8
11.08.2025 00:00:00,9.1,13.3,11.45,23.97,18,46.17,84.05,64.1,1025.3,10.8,0.4,1.1,292.5,72.3,89.8,18.7,19.6,20.6,7.3,0,372.9,5.432,3.61,11.33333333
12.08.2025 00:00:00,8.9,13.2,10.22,27.38,19.5,40.81,88.41,62.4,1022.6,11.4,0,0.7,270,73.1,89.2,19.9,19.4,20.4,7.3,0,360,5.225,3.7,11.16666667
13.08.2025 00:00:00,8.7,13.2,14.04,31.4,23.9,37.08,73.67,51.4,1020.2,12.9,0,1.1,135,70.8,88.3,24,20,20.9,7.3,0,354.8,5.103,4.1,11.16666667
14.08.2025 00:00:00,8.5,13.2,18.96,31.14,25.4,44.23,67.53,54.4,1020.7,15.4,1,1.4,22.5,71.6,87.8,25.2,20.9,21.5,7.2,0,352.5,5.117,4.31,11.33333333
15.08.2025 00:00:00,8.5,13.2,19.44,33.32,26,38.91,74.09,55.1,1020.2,15.9,1.2,1.1,157.5,66.9,86.5,26.1,21.5,22.3,7.2,0,369.1,5.314,4.36,11.5
16.08.2025 00:00:00,8.5,13.2,18.68,28.51,23,49.86,76.51,65.3,1015.6,16,0.2,1.8,225,63.1,85.8,23.1,21.4,22.1,7.2,0,322.4,4.631,3.75,10.5
17.08.2025 00:00:00,8.5,13.2,13.18,23.8,18.8,45.76,80.44,63,1015.6,11.3,0,1.6,247.5,55.5,85,19.3,20.5,21.3,7.1,0,317.1,4.458,3.22,9.333333333
18.08.2025 00:00:00,7.1,12.9,11.21,18.71,15.4,68.03,87.34,76.6,1019.2,11.3,0,1.1,180,51,82.4,15.9,19.4,20.2,7.1,0,142.5,1.985,1.48,8.35
19.08.2025 00:00:00,8.2,13.2,8.68,24.82,17.4,47.07,92.94,68.5,1016.2,11,0,0.6,225,45,83.1,17.6,18.9,19.9,7,1.9,275.8,3.929,2.72,10.5
20.08.2025 00:00:00,7.9,13.2,10.02,26.19,18.4,48.27,88.95,66.6,1009,11.7,0.4,1,315,44.3,82.7,18.3,18.9,19.9,7,0,265.2,3.753,2.95,9.5
21.08.2025 00:00:00,8.7,13.2,10.28,22.02,16.3,44.46,81.79,63,1009.7,8.9,0.2,1.1,157.5,37.8,81.8,16.2,18.4,19.5,7,0,305.9,4.298,2.85,10.66666667
22.08.2025 00:00:00,7.6,13.1,7.03,20.77,15,47.48,83.94,63.1,1009.6,7.8,0.4,1.3,22.5,34.8,79.3,15.3,17.8,19,6.9,0,240.5,3.323,2.44,8.5
23.08.2025 00:00:00,7.1,13.1,9.12,17.8,13.2,52.4,89.73,70.7,1011.2,7.7,4.8,1.7,315,30.9,73.7,13.5,17.3,18.5,6.9,1.6,201,2.66,1.85,8
24.08.2025 00:00:00,8.5,13.2,6.56,19.1,12.9,44.68,90.69,69.3,1015.4,6.9,0.2,2.1,292.5,29.3,66.7,12.7,16.2,17.3,6.9,1.6,312,4.276,2.72,8.833333333
25.08.2025 00:00:00,7.1,12.9,10.42,17.14,13.7,56.48,76.01,67,1015.5,7.7,0.4,1.4,315,30.5,70.2,13.6,16,17,6.9,0,139.8,1.89,1.6,6.983333333
26.08.2025 00:00:00,8,13.2,9.09,21.56,15.1,45.32,82.23,63.8,1014.1,8,0.2,1.1,292.5,27.3,71.7,14.9,16.1,17,6.8,0,269,3.686,2.52,9.833333333
27.08.2025 00:00:00,8.1,13.2,8.39,27.28,17.7,37.61,84.25,61.4,1013.6,9.6,0.2,0.6,157.5,26.8,63.7,17.4,16.5,17.2,6.9,0,298.7,3.972,2.84,8.5
28.08.2025 00:00:00,7.9,13.2,15.13,31.68,24,36.58,70.87,52.3,1009.3,13.2,0.8,1.1,45,24.4,77.9,23.2,17.8,18.6,6.9,0,314.4,4.26,3.7,10.66666667
29.08.2025 00:00:00,7.3,13.1,17.94,32.3,24.1,38.68,82.31,55.5,1004.4,14.3,0.8,1.3,202.5,25.7,79.3,23.9,19,19.8,6.9,0,227,3.07,3.01,9.166666667
30.08.2025 00:00:00,7.1,13.1,16.32,25.55,20,59.57,91.54,78.5,1007.4,15.9,2.2,1.2,202.5,22.3,76,19.8,19.1,20,6.9,1.6,244.4,3.228,2.35,8.166666667
31.08.2025 00:00:00,7.4,13.1,16.66,25.09,20.3,53.39,90.51,73.8,1012,15.2,0,1.4,337.5,21.4,75.7,20.4,18.9,19.7,6.9,0,221.3,2.923,2.26,8
01.09.2025 00:00:00,7.9,13.2,15.27,26.64,20.1,58.8,92.09,76.6,1012.1,15.7,0.2,1.3,135,22.1,77.5,19.8,18.9,19.8,6.9,0,316.6,4.091,2.88,8.833333333
02.09.2025 00:00:00,6.8,13,17.42,28.99,22,48.12,92.27,75.3,1010,16.9,6,1,202.5,21.1,73.6,21.9,19.2,20,6.9,1.8,213.4,2.785,2.28,7.166666667
03.09.2025 00:00:00,6.2,13,13.56,23.2,18,59.61,92.3,81.7,1014.3,14.6,0.8,0.7,180,20.8,67.4,17.7,19,20,6.9,2.8,183.5,2.331,1.57,5.833333333
04.09.2025 00:00:00,7.9,13.2,11.95,28.78,20.7,43.36,92.86,72.6,1016.5,15.1,0.2,0.6,202.5,20.6,66.6,19.4,18.5,19.4,6.9,2.2,335.9,4.38,3.03,10.33333333
05.09.2025 00:00:00,7.5,13.1,18.1,31.28,23.1,47,88.62,71.5,1016.3,17.4,1,1.2,45,22.7,73,22.2,19.1,19.7,6.9,0.1,280.9,3.709,2.94,8
06.09.2025 00:00:00,4.7,12.8,14.14,18.69,16.3,77.08,92.76,88.2,1021,14.3,1.8,1.4,247.5,23.6,59.9,16.3,18.6,19.5,6.9,7.4,45.1,0.54,0.55,0.3333333333
07.09.2025 00:00:00,6,12.8,11.57,18.45,15,76.73,93.01,87.7,1023,13,0.6,0.9,180,23.3,52.2,15.1,17.7,18.9,6.9,4.2,82.3,1.033,0.82,3
08.09.2025 00:00:00,6.7,12.9,12.67,24.03,18.3,58.86,93.07,76.8,1018.8,13.9,1.2,1.2,22.5,22.7,59.1,17.9,17.6,18.5,6.9,2.4,175.1,2.265,1.72,6.333333333
09.09.2025 00:00:00,7.3,13.2,12.85,25.26,19.2,52.72,86.28,68.4,1016.2,13,0.2,2.1,135,24.3,63.8,18.4,17.8,18.9,6.9,0,248.2,3.203,2.58,8.816666667
10.09.2025 00:00:00,7.6,13.1,13.46,25.92,19.5,53.83,89.36,71.2,1013.9,13.9,0.2,1.8,67.5,23.6,58.2,18.8,17.7,18.7,6.9,0,275.3,3.536,2.69,8.333333333
11.09.2025 00:00:00,5.3,12.9,13.78,21.86,17.7,58.4,92.45,80.1,1008.9,14,21,1.4,202.5,23,61.8,17,17.8,19,7.5,5.6,144.5,1.712,1.3,5
12.09.2025 00:00:00,6.5,13.1,11.51,22.14,16.4,57.02,90.81,74.8,1017.8,11.8,0.4,0.4,225,64.6,83.8,15.6,17.2,18.2,7.8,0,206.5,2.589,1.63,9.166666667
13.09.2025 00:00:00,5.4,12.9,10.65,22.14,15.9,64.64,92.78,84.8,1021.3,13.2,13.4,0.2,67.5,85.9,91.6,15.7,17,18,7.8,6.5,132,1.522,1.05,4.85
14.09.2025 00:00:00,5.2,12.8,13.65,16.39,15.2,89.29,93.15,92.4,1014.4,14,9.8,0.2,180,92.8,97.5,15.2,17,18,9,8.4,50.9,0.593,0.51,0.1666666667
15.09.2025 00:00:00,7.1,13.2,11.95,22.1,16.4,54.61,92.85,79.3,1014.4,12.5,0.8,1.1,225,98.2,99.4,15.7,16.7,18,9.4,0.7,265.9,3.287,2.1,7.5
16.09.2025 00:00:00,6.2,13,13.01,20.52,16.4,52.27,90.38,73.1,1013,11.3,0.2,1.4,225,95.9,99,15.8,16.7,18,9,0.1,194.1,2.31,1.75,6.166666667
17.09.2025 00:00:00,5.8,12.9,10.11,17.59,12.9,60.19,90.42,78.3,1017,9.2,1.8,1.3,247.5,94.1,98.4,12.7,15.8,17,8.8,1.8,135.5,1.685,1.1,4.666666667
18.09.2025 00:00:00,6.2,13,9.14,19.14,14.1,60.77,91.67,80.3,1020.9,10.6,0.8,1.1,202.5,93.3,97,13.8,15.3,16,8.6,2.6,183.7,2.188,1.43,6.666666667
19.09.2025 00:00:00,5.8,12.9,13.67,22.71,17.9,69.51,91.98,84,1023.4,15,0.2,1,247.5,92.6,96,17.4,16.2,17.2,8.5,1.4,141.1,1.682,1.29,5.166666667
20.09.2025 00:00:00,7,13.1,12.81,30.03,20.8,46.05,92.96,72.2,1020.5,15,0.4,0.8,90,91.7,94.3,19.4,16.5,17.4,8.4,7.1,290.8,3.516,2.61,8.333333333
21.09.2025 00:00:00,6.7,13.1,17.25,29.68,22.7,43.52,75.14,60.5,1014,14.4,0.2,1,157.5,90.8,93.6,20.7,17.4,18.3,8.2,0,281.2,3.432,2.75,8.333333333
22.09.2025 00:00:00,6,12.8,11.65,20.64,15.8,63.79,87.23,74.5,1014.8,11.2,0.2,1.8,337.5,89.3,93,15.6,17.2,18.2,8,0.1,105.1,1.24,1.17,4.166666667
23.09.2025 00:00:00,6.2,12.9,6.66,15.89,11.3,54.24,87.68,75.2,1021.7,6.9,0.4,1.1,157.5,88.5,91.9,11.4,15.9,17,7.9,3.5,166,1.954,1.25,7
24.09.2025 00:00:00,7,13.1,6.42,16.05,10.8,47.83,88.71,66.9,1027,4.5,0.2,1.9,135,87.5,91.4,10.1,14.6,15.3,7.8,0,275.6,3.228,1.97,7.833333333
25.09.2025 00:00:00,7,13.1,5.39,15.48,10.2,45.15,72.51,59.9,1029,2.5,0.4,2.8,157.5,84.8,89.5,9.4,13.4,14.2,7.6,0,277,3.212,2.23,7.666666667
26.09.2025 00:00:00,6.7,13.1,5.56,16.5,10.7,41.92,76.63,60.2,1030.4,3,0,2.9,180,80.9,88.3,9.9,12.8,13.8,7.5,0,267.2,3.088,2.29,7.5
27.09.2025 00:00:00,6.5,13,5.41,18.15,11.1,39.22,73.4,58.9,1027.9,3,0.2,2.2,202.5,79,88.3,10,12.5,13.5,7.5,0,252.6,2.92,2.1,7.333333333
28.09.2025 00:00:00,5.5,12.8,4.06,13.77,9.9,60.49,85.84,71.1,1024.5,4.8,0,1.1,180,76.1,87,9.3,12.3,13.1,7.4,0,129,1.495,1.05,4.166666667
29.09.2025 00:00:00,5.5,12.8,7.61,11.24,9.2,63.66,85.35,76.5,1024.9,5.2,0,1.8,67.5,73.1,85.9,9.2,12.4,13,7.4,0,93.6,1.033,0.83,2.35
30.09.2025 00:00:00,4.1,12.8,6.79,9.16,7.7,82.26,90.79,88.3,1027.3,5.9,4,1.4,202.5,70.8,85.6,7.8,12.1,13,7.4,3.6,33.4,0.348,0.35,0
01.10.2025 00:00:00,5.5,12.9,5.28,11.82,8.5,68.2,89.96,81,1030,5.4,0.6,1.3,67.5,72.2,86.1,8.4,12,13,7.3,3.9,123.5,1.37,0.76,3.15
02.10.2025 00:00:00,5.8,13,-1.12,10.73,4.9,49.89,89.16,74.1,1029.1,0.5,0.4,0.9,157.5,72.4,84.9,4.5,11.2,12.3,7.3,0,211.1,2.322,1.19,5.833333333
03.10.2025 00:00:00,5.7,12.9,-3.07,11.66,4.6,51.86,91.54,72.9,1025.9,-0.2,0,0.8,45,66.4,82.9,4.3,10,11.1,7.2,0.3,215.1,2.41,1.19,5.166666667
04.10.2025 00:00:00,5.5,12.9,2.78,10.6,7,70,90.48,79.5,1011.7,3.6,4.6,1.4,90,65.2,82.7,6.9,10.1,11,7.2,2.9,133.7,1.411,0.8,5
05.10.2025 00:00:00,5.6,12.8,6.92,13.15,9.5,65.72,91.21,82.1,1006.7,6.5,1.8,1.4,180,66.6,82.2,9.2,10.7,11.8,7.2,5.2,105.5,1.13,0.73,3.333333333
06.10.2025 00:00:00,4.4,12.8,7.21,10.73,9.2,83.75,92.61,89.1,1012.3,7.5,11.2,1.1,225,65,81.5,9.2,11.1,12,7.2,15.4,48.2,0.492,0.38,0.1666666667
07.10.2025 00:00:00,5,12.8,9.36,12.58,10.5,84.9,93.04,91.4,1019.8,9.2,2.8,0.6,225,65.1,81.1,10.6,11.5,12,7.3,8.9,61.8,0.629,0.43,0.3333333333
08.10.2025 00:00:00,5.1,12.8,7.21,12.05,9.7,83.92,93.06,90.6,1021.8,8.2,2,0.3,157.5,86.5,82.2,9.8,12,13,7.8,8.1,80.2,0.838,0.48,1.833333333
09.10.2025 00:00:00,4.9,12.8,9.76,13.73,11.1,83.02,93.14,90.3,1018.9,9.6,1.6,0.8,202.5,92,86.2,11.1,12.4,13,8.2,7.1,61.6,0.636,0.44,1
10.10.2025 00:00:00,4.6,12.8,9.4,13.72,10.8,68.72,92.79,84.5,1020.7,8.3,3.2,2,225,92.3,91.1,10.7,12.5,13,8.4,3.8,102.7,0.971,0.69,2.333333333
11.10.2025 00:00:00,4.4,12.8,10.07,12.32,11.3,85.92,92.42,90.6,1023.8,9.8,3.6,2.1,292.5,94,94.2,11.2,12.5,13,8.5,10.3,42.7,0.437,0.37,0
12.10.2025 00:00:00,4,12.8,7.27,11.18,10.1,84.13,92.3,89.9,1022.7,8.5,2.2,1.5,225,94.1,96.1,10.1,12.4,13,8.5,7.9,38.1,0.377,0.36,0.1666666667
13.10.2025 00:00:00,5.3,12.8,3.17,12.15,7.2,59.59,92.65,81.2,1023.6,4.1,0.2,0.9,202.5,93.4,97.2,7.1,11.6,12.3,8.5,8.3,105.7,1.118,0.67,2.5
14.10.2025 00:00:00,3.5,12.8,4.46,7.65,6.6,83.62,91.82,89.4,1022.1,5,3.4,0.4,157.5,93.2,97.1,6.8,10.9,12,8.4,11.6,32.6,0.303,0.27,0
15.10.2025 00:00:00,5,12.8,3.41,8.96,5.8,84.37,93.12,91,1024.1,4.5,0.2,0.4,202.5,93.9,98.8,6.1,10.4,11,8.5,6,65.9,0.682,0.39,0.5
16.10.2025 00:00:00,4.4,12.8,6.72,11.14,8.9,83.9,92.04,89.3,1021.3,7.3,0.6,0.8,225,93.5,98.8,8.9,10.7,11.3,8.5,4.2,55.7,0.552,0.4,0.8333333333
17.10.2025 00:00:00,4.2,12.8,8.64,12.09,9.9,77.19,91.05,86.3,1018.1,7.7,0.2,1.1,225,93.4,98,9.9,11.2,12,8.5,1.1,57.8,0.582,0.43,0.8333333333
18.10.2025 00:00:00,4.3,12.8,4.26,8.79,6.1,79.42,90.05,86,1019.3,4,3,2.9,22.5,92.7,98.3,6.1,10.8,11.5,8.4,5.4,40.9,0.395,0.36,0
19.10.2025 00:00:00,4.9,12.8,0.55,9.39,5.4,57.12,90.29,80.6,1024.2,2.2,0,0.9,22.5,92.8,97.8,5.1,9.9,11,8.4,0.8,54.7,0.552,0.42,0.3333333333
20.10.2025 00:00:00,4.1,12.8,2.07,10.51,5.5,60.8,87.27,77.3,1016.6,1.8,0,1.5,180,91,96.4,4.8,9,9.8,8.3,0,32,0.33,0.52,0
21.10.2025 00:00:00,5.1,12.8,1.74,11.04,6.3,60.81,84.03,76.3,1008.1,2.3,0.2,1.4,67.5,89.7,95.1,5.9,8.6,9,8.2,0,68.3,0.698,0.55,0.5
22.10.2025 00:00:00,4.6,12.8,6.24,16.98,11.1,66.68,90.74,81.4,1004.7,8,2.8,0.8,45,90.5,94.4,10.5,9.4,10,8.2,1.7,69.3,0.653,0.6,1.166666667
23.10.2025 00:00:00,4.7,12.8,9.8,19.3,14.1,62.24,90.83,79.3,996.9,10.5,0,0.9,45,90.2,95.1,13.3,10.9,11.4,8.2,0,53.3,0.522,0.59,0
24.10.2025 00:00:00,2.9,12.8,7.44,14.73,9.5,79.96,92.08,89.4,995.9,7.8,19.6,1.7,225,94.4,97.1,9.4,11.4,12,9.3,17.1,23.7,0.217,0.27,0
25.10.2025 00:00:00,4.5,12.8,4.33,10.9,7.7,65.21,84.1,76.2,1002.1,3.8,0,1.7,225,99.4,99.3,7.4,10.5,11.3,10.2,0,54.5,0.51,0.56,0
26.10.2025 00:00:00,4.1,12.8,4.17,10.69,7.9,67.53,89.82,83.1,998.4,5.2,6.6,1.7,180,99,99.3,7.7,10.2,11,9.7,7.4,62.1,0.6,0.47,0.8333333333
27.10.2025 00:00:00,3.8,12.8,5.36,8.18,6.2,67.29,90,80.7,996.9,3.1,3.4,2,180,98.6,99.4,6.1,9.6,10.3,10.3,7.3,62.9,0.54,0.5,0.8333333333
28.10.2025 00:00:00,3.8,12.8,5.78,8.72,7,71.51,91.18,86.2,1002.1,4.8,5.4,2.4,225,99.2,99.3,6.9,9.4,10,10.5,10.3,37.8,0.37,0.38,0.1666666667
29.10.2025 00:00:00,4.4,12.8,6.79,12.13,9.1,63.16,86.86,78.6,1009.8,5.5,0,1.6,202.5,99.2,99.3,8.4,9.7,10.5,10.2,0,52.1,0.493,0.53,0
30.10.2025 00:00:00,4.1,12.8,6.73,13.67,9.3,71.45,86.51,78.7,1005.6,5.8,2,1.9,157.5,98.8,99.3,8.8,9.7,10.5,9.7,1.8,55.1,0.525,0.56,0.1666666667
31.10.2025 00:00:00,4.1,12.8,2.83,10.95,7.1,64.41,89.96,78.5,1017.9,3.5,0,1.4,292.5,97.7,99,6.4,9.5,10.2,9.5,0.3,37.1,0.348,0.5,0
01.11.2025 00:00:00,4.6,12.8,3.89,13.49,8.9,68.96,89.69,79.1,1017.9,5.4,0,1,45,95.7,99.1,8.3,9,9.4,9.2,0.3,62.4,0.58,0.45,0.1666666667
02.11.2025 00:00:00,3.8,12.8,9.91,14.66,11.6,76.44,92.39,86.4,1012.8,9.4,11.2,0.5,180,95.3,98.2,11.3,10.1,10.5,9.2,10,58.4,0.503,0.33,0.5
03.11.2025 00:00:00,2.9,12.8,8.14,10.46,9.5,90.1,92.61,91.6,1015.3,8.2,14.2,1.4,315,99.4,99.3,9.4,10.7,11,12.4,15.5,32,0.255,0.24,0
04.11.2025 00:00:00,4,12.8,3.57,12.1,7.4,71.95,91.48,84.5,1025,4.9,0,0.7,247.5,99.2,99.3,6.7,10.2,11,11.4,2.4,40,0.36,0.36,0
05.11.2025 00:00:00,4.3,12.8,4.06,12.7,7.5,66.01,89.22,80.1,1024.8,4.2,0,0.6,225,99.1,99.3,7.1,9.5,10.1,10.3,0,58.6,0.553,0.45,0
06.11.2025 00:00:00,3.3,12.8,4.04,13.73,8.1,63.48,88.3,78.7,1020.3,4.6,0.2,0.8,202.5,97,98.8,7.4,9.2,9.7,9.8,0,29.1,0.262,0.37,0
07.11.2025 00:00:00,3.5,12.8,3.04,11.65,7.2,72.01,90.82,83.3,1018.4,4.5,0,0.7,225,95.8,97.4,6.6,8.9,9.1,9.4,0.4,30.2,0.272,0.3,0
08.11.2025 00:00:00,4,12.8,1.9,6.83,4.7,83.74,91.86,89.8,1016.9,3.2,0,1,67.5,94.6,96.2,4.9,8.5,9,9.2,2.1,54.5,0.468,0.25,0.1666666667
09.11.2025 00:00:00,3,12.8,5.73,8.16,6.9,90.45,92.14,91.2,1016.3,5.5,1.8,0.4,202.5,94.2,95.7,6.9,8.8,9,9.2,11.8,28.7,0.237,0.21,0
10.11.2025 00:00:00,2.1,12.8,5.47,6.55,6.1,89.51,92.23,91.1,1015.5,4.8,0.2,0.4,202.5,94.4,96.2,6.2,9.1,9,9.2,4.1,19.5,0.147,0.17,0
11.11.2025 00:00:00,3.1,12.8,5.43,8.79,6.8,86.57,91.98,90.4,1016.1,5.4,3.6,0.4,225,94.5,95.6,6.9,9.1,9.3,9.2,10,41.9,0.308,0.23,0
12.11.2025 00:00:00,3.7,12.8,5.5,10.26,7.2,79.79,92.68,89.1,1019.9,5.5,0.8,0.4,157.5,95.3,96.5,7.1,9.3,10,9.4,5.7,61,0.508,0.3,0.3333333333
13.11.2025 00:00:00,4.2,12.8,4.4,11.62,7.7,68.33,88.07,78.9,1015.3,4.3,0,1.1,225,94.4,96.4,7.2,9,9.1,9.2,0,47.3,0.415,0.41,0
14.11.2025 00:00:00,3.6,12.8,6.05,11.58,8.7,69.22,79.17,74.5,1012.2,4.4,0,0.8,180,93.7,95,8.2,9,9.1,9.1,0,43.8,0.407,0.33,0
15.11.2025 00:00:00,3.6,12.8,2.98,6.96,5,74.26,89.9,80.8,1016.3,1.9,0,1.9,180,92.2,95.6,4.9,8.9,9,9,2.4,45.4,0.345,0.37,0
16.11.2025 00:00:00,3.6,12.8,2.88,9.23,6,81.48,90.81,87.1,1008.2,4,0.2,1.1,202.5,92.5,94.5,5.9,8.4,9,8.9,2.7,47,0.391,0.25,0.1666666667
17.11.2025 00:00:00,2.6,12.8,2.35,7.69,4.4,81.54,91.07,87.3,1003.6,2.5,1.4,1.7,202.5,92.2,94.6,4.4,8.5,9,8.8,8.6,26.1,0.208,0.2,0
18.11.2025 00:00:00,3,12.8,0.46,3.61,2.2,79.41,88.02,84.2,1014.3,-0.2,1.4,1.7,225,91.2,94.9,2.2,7.6,8,8.8,3.3,31.4,0.24,0.23,0
19.11.2025 00:00:00,3.3,12.9,-0.91,4.3,1.6,62.44,82.35,76.5,1012.4,-2.1,0.2,0.9,67.5,90.9,95,1.3,6.9,7.4,8.8,0,30.4,0.262,0.27,0
20.11.2025 00:00:00,3.8,12.8,-1.24,4.49,1.6,72.57,81.5,77.9,1007.7,-1.8,0,1.1,202.5,90.6,94.1,1.4,6.1,7,8.7,0,47.6,0.394,0.26,0
21.11.2025 00:00:00,3.9,12.9,-0.97,2,0.2,70.17,84.16,78.9,1018.5,-3,0,1.1,270,90.2,93.6,0.1,5.7,6.2,8.7,0,54,0.425,0.24,0
22.11.2025 00:00:00,3.3,12.8,-5.89,1.2,-1.7,71.02,88.67,82.3,1025.3,-4.3,0,1,337.5,89.5,92.9,-1.7,5.1,5.4,8.6,0,31.9,0.262,0.19,0
23.11.2025 00:00:00,2,12.9,-3.21,-1.45,-2.3,84.21,88.64,86.8,1018.2,-4.2,0,0.7,22.5,89.4,93.3,-2.2,4.5,5,8.6,0,33.9,0.226,0.17,0
24.11.2025 00:00:00,1.4,12.8,-4.86,0.38,-1.7,79.94,88.52,85.3,1005.9,-3.8,0,0.9,225,88.8,92.5,-1.7,4.3,5,8.6,0.1,30.7,0.248,0.17,0
25.11.2025 00:00:00,2.1,12.8,-0.26,1.31,0.6,87.71,91.97,90.2,1005.1,-0.9,2.8,1.2,45,88.7,92.4,0.4,4.5,5,8.6,15.8,17.7,0.135,0.16,0
26.11.2025 00:00:00,0.6,12.8,-0.87,0.12,-0.3,90.55,91.84,91.3,1007.2,-1.6,0.4,0.7,22.5,89.5,93.1,-0.3,4.5,5,8.7,28.4,14.2,0.085,0.13,0
27.11.2025 00:00:00,0.7,12.8,-1.39,1.15,-0.1,90.19,91.64,91,1019.4,-1.4,1.6,0.8,225,90.9,94.9,-0.1,4.5,5,8.9,9.5,27.6,0.182,0.16,0
28.11.2025 00:00:00,3.2,12.8,-4.04,-1.2,-2.4,88.99,91.62,90.5,1022.5,-3.7,0,0.9,90,92.5,96,-2,4.2,5,9,0,43.6,0.342,0.15,0
29.11.2025 00:00:00,2.4,12.9,-2.77,-1.48,-2.2,88.54,91.44,90.5,1016.8,-3.6,0.2,0.6,135,92.5,95.9,-1.9,4,5,9,0,33.7,0.226,0.13,0
30.11.2025 00:00:00,2.6,12.8,-3.45,0.57,-1.5,91.12,92.25,91.6,1016.2,-2.7,0.2,0.5,225,91.3,95.5,-1.3,3.8,4.3,8.9,5.6,35.5,0.267,0.13,0
01.12.2025 00:00:00,3,12.8,-1.22,1.2,0,92.15,92.69,92.4,1019.6,-1.1,1,0.4,202.5,92.2,95.5,0.1,4.1,5,8.9,2.5,29.8,0.238,0.13,0
02.12.2025 00:00:00,3.1,12.8,0.16,3.37,1.6,88.88,92.65,91.9,1021.1,0.5,5.2,0.9,90,92.7,96.2,1.6,4.4,5,9,0,32.2,0.223,0.15,0
03.12.2025 00:00:00,3,12.8,2.06,3.71,3.1,87.59,90,88.7,1019.7,1.4,0,1.1,90,93.5,97.1,2.9,5,5,9.1,0,35.1,0.278,0.18,0
04.12.2025 00:00:00,3.1,12.8,1.62,3.57,2.7,89.04,92.4,91.1,1016.6,1.4,0,1,225,92.8,96.4,2.7,5.3,5.5,9,0.3,38.8,0.287,0.18,0
05.12.2025 00:00:00,2.8,12.8,2.66,6.48,4.7,89.3,92.64,91,1013.9,3.3,0.2,1.5,90,92.4,95.7,4.5,5.6,6,9,1.1,27.4,0.198,0.2,0
06.12.2025 00:00:00,2.4,12.8,3.91,6.64,5.5,89.71,91.69,90.6,1014.7,4,0.4,0.9,45,92.2,95.4,5.3,6.2,6.6,9,2.9,23.6,0.165,0.15,0
07.12.2025 00:00:00,3.3,12.8,3.12,4.94,4.2,89.33,92.12,90.9,1014.6,2.8,0,0.5,247.5,92.1,95.2,4.2,6.4,7,8.9,0.4,38.4,0.29,0.18,0
08.12.2025 00:00:00,2.8,12.8,3,8.13,5.7,83.55,92.55,90.7,1016.7,4.3,0.2,0.8,180,91.7,95,5.5,6.4,7,8.9,7.9,33.8,0.247,0.19,0
09.12.2025 00:00:00,1.6,12.8,7.03,10.48,9.2,89.18,93.06,92.5,1016.3,8.1,9.4,1,225,93.5,96.1,8.9,7.3,7.5,9.2,16.2,16.6,0.108,0.18,0
10.12.2025 00:00:00,2.8,12.8,7.38,11.17,9.1,83.2,92.78,89.8,1017.6,7.5,0.4,0.7,225,96.9,99.1,8.6,8.1,8,9.8,4.4,30.2,0.227,0.21,0
11.12.2025 00:00:00,2.9,12.8,7.35,9.63,8.7,81.1,92.38,87.7,1020.3,6.8,2,1.7,22.5,96.7,99,8.5,8.5,8.6,9.7,5.7,36.9,0.26,0.26,0.15
12.12.2025 00:00:00,2.4,12.8,4.37,7.33,5.7,78.31,87.5,82.7,1023.5,2.9,0,1.1,202.5,96.3,98.9,5.6,8.1,8.2,9.6,0,22.9,0.17,0.22,0
13.12.2025 00:00:00,2.3,12.9,1.72,4.43,2.9,81.26,92.17,86.9,1026.7,1,0,0.9,202.5,94.9,97.9,3,7.3,7.6,9.4,3.2,25.5,0.168,0.17,0
14.12.2025 00:00:00,3,12.8,1.34,5.52,4.3,79.85,92.43,85.2,1025.7,2,0.6,1.6,270,94.4,97.1,4.2,6.9,7,9.3,2.2,38.3,0.278,0.24,0
15.12.2025 00:00:00,2.5,12.8,-0.76,2.92,1.7,88.6,91.16,90.2,1023.4,0.2,0.2,1,202.5,94.1,96.4,1.7,6.4,7,9.2,0.4,23.6,0.175,0.15,0
16.12.2025 00:00:00,3.1,12.9,-1.4,0.66,-0.6,89.33,91.72,90.7,1022.1,-1.9,0,0.7,225,93.1,95.9,-0.4,5.5,5.9,9.1,0.6,30.7,0.228,0.15,0
17.12.2025 00:00:00,3,12.8,-0.41,6.89,2.1,65.77,90.73,82.1,1019.8,-0.7,0,0.9,225,92.7,95.1,1.8,5.2,5,9,0,36.5,0.271,0.28,0
18.12.2025 00:00:00,2.6,12.8,-0.57,4.06,1.6,87.32,92.17,91.1,1025.3,0.3,0,0.6,157.5,91.1,94.8,1.5,5,5,9,7.9,26.8,0.191,0.15,0
19.12.2025 00:00:00,2.6,12.8,0.16,6.97,2.6,84.63,92.19,90.3,1024.2,1.2,0,0.6,225,91.1,94.8,2.3,5.1,5,8.9,15.4,23.8,0.18,0.17,0
20.12.2025 00:00:00,2.5,12.8,1.39,4.13,3,90.29,92.41,91.8,1020.9,1.8,0.4,0.4,202.5,91.4,94.2,3,5.2,5.1,8.9,11.5,29.5,0.2,0.17,0
21.12.2025 00:00:00,2.6,12.8,1.35,3.6,2.8,82.58,92.53,87.1,1021.8,0.8,0,1.2,157.5,91.7,93.8,2.8,5.6,6,8.9,1.3,24.5,0.17,0.17,0
22.12.2025 00:00:00,3.1,12.8,-0.44,1.35,0.4,80.59,85.28,83.1,1023.2,-2.1,0.2,2.3,135,91.5,93.9,0.4,5.2,5.3,8.9,0,34.7,0.25,0.22,0
23.12.2025 00:00:00,2.8,12.9,-0.74,1.66,0.7,73.94,87.1,81.2,1025.1,-2.1,0,2,112.5,90.4,94.1,0.6,4.8,5,8.8,0,30.8,0.216,0.23,0
24.12.2025 00:00:00,3.3,12.9,-10.01,-0.67,-6.9,76.04,83.5,81.1,1035.8,-9.5,0,2.6,112.5,89.8,93.1,-6.6,3.8,4.3,8.8,0,32.9,0.252,0.19,0
25.12.2025 00:00:00,2.6,12.9,-11.73,-6.58,-9.6,76.51,88.44,84.2,1038.7,-11.8,0,1.1,135,88.5,92.3,-9.3,2.7,3,8.7,0,22.3,0.17,0.09,0
26.12.2025 00:00:00,2.6,12.9,-8.28,-1.49,-4.6,83.97,91.18,89,1031.8,-6.1,0,1,247.5,87.9,90.9,-4.3,2.4,3,8.5,2.2,24.8,0.169,0.12,0
27.12.2025 00:00:00,1.6,12.8,-2.05,0.52,-1,91.28,92.3,91.8,1024.4,-2.2,0.6,1.9,0,86.9,90.6,-1,2.5,3,8.5,11.6,14.7,0.097,0.13,0
28.12.2025 00:00:00,2.8,12.8,-1.42,0.97,-0.1,73.44,91.97,81.3,1020.8,-2.9,0,2.6,247.5,86.1,90.9,-0.3,2.6,3,8.5,0.2,27.6,0.202,0.32,0
29.12.2025 00:00:00,1.4,12.8,-2.49,0.49,-0.9,83.61,90.04,87.1,1013.3,-2.7,0,2.2,315,87,90.7,-0.9,2.6,3,8.5,0,15.9,0.091,0.16,0
30.12.2025 00:00:00,2.6,12.9,-3.86,-0.4,-2.6,66.91,85.64,75.3,1011,-6.4,0,3,225,85.9,91.1,-2.9,2.4,3,8.5,0,24.2,0.182,0.39,0
31.12.2025 00:00:00,2.3,12.9,-5.02,-2.22,-3.5,75.14,88.39,81.3,1011.6,-6.2,0,1.6,225,86.1,90.2,-3.5,2.2,2.5,8.4,0,32.4,0.237,0.19,0
01.01.2026 00:00:00,0.7,12.8,-2.37,1.14,-0.4,76.23,90.32,85.5,1001.5,-2.6,0.2,2.4,225,85.2,89.2,-0.6,2.3,2.9,8.4,2.9,18.5,0.135,0.23,0
02.01.2026 00:00:00,1.5,12.8,-0.73,1.9,0.5,75,89.69,82.9,991.9,-2.1,0.6,2.9,225,84.3,89.3,0,2.4,3,8.4,0.8,33.8,0.238,0.3,0
03.01.2026 00:00:00,0.7,12.8,-2.08,0.09,-1,68.39,87.28,78,997.3,-4.4,0,2.6,270,85.2,89.6,-1.2,2.4,3,8.4,0,34.3,0.25,0.28,0
04.01.2026 00:00:00,0.9,12.8,-2.76,-0.88,-1.9,66.56,85.71,76.3,1005.6,-5.5,0,2.5,270,85.6,89.7,-2,2.4,3,8.4,0,32.9,0.271,0.31,0
05.01.2026 00:00:00,1,12.8,-5.38,-1.01,-3.6,69.57,80.03,75.5,1015.2,-7.3,0,0.8,135,85.3,90.1,-3.6,2.3,2.6,8.5,0,30.4,0.234,0.15,0
06.01.2026 00:00:00,1.4,12.9,-12.37,-2.79,-7,72.68,88.95,80.7,1015.5,-9.8,0,0.4,135,85.8,90.8,-5.9,2.1,2,8.5,0,37.3,0.275,0.13,0
07.01.2026 00:00:00,1.4,12.9,-9.21,-5.16,-6.8,81.27,88.62,86.4,1017.8,-8.7,0.2,0.9,0,85.1,90.1,-5.1,2,2,8.4,0,39.1,0.292,0.12,0
08.01.2026 00:00:00,1.9,12.9,-9.43,-5.88,-8.2,84.53,88.92,87.6,1013.5,-9.9,0,1.2,315,84.9,89,-6.4,1.8,2,8.4,0,43.8,0.328,0.11,0
09.01.2026 00:00:00,1.6,12.9,-12.12,-8.5,-10.1,86.2,88.33,87.3,1007.7,-11.8,0,1,292.5,85.2,89.2,-7.9,1.5,2,8.4,0,37.2,0.271,0.08,0
10.01.2026 00:00:00,1.3,12.9,-14.2,-4.72,-9.8,85.05,88.52,86.4,1006.4,-11.7,0,1,270,83.8,88.5,-7.9,1.2,0.7,8.3,0,26.2,0.202,0.1,0
11.01.2026 00:00:00,0.6,12.9,-4.55,-2.15,-3.1,81.45,89.83,88,1010.8,-4.8,0,3,45,82.7,88.3,-2.1,1.5,1.9,8.3,0,24,0.178,0.17,0
12.01.2026 00:00:00,1.2,12.9,-6.75,-3.28,-5,80.63,87.99,83.8,1017.9,-7.3,0,1.1,247.5,83.9,88.3,-2.3,1.6,2,8.3,0,49,0.355,0.14,0
13.01.2026 00:00:00,1.5,12.8,-8.35,-2.39,-5,78.18,87.85,82.6,1017.8,-7.5,0.2,0.7,22.5,82.4,88.6,-2.6,1.7,2,8.3,0,56.7,0.42,0.16,0
14.01.2026 00:00:00,0.9,12.8,-8.83,2.91,-1.7,87.97,92.05,90.5,1016.6,-3,9.6,1.2,225,83.1,89.1,-1.4,1.7,2,8.3,9.3,23.9,0.175,0.15,0
15.01.2026 00:00:00,3.9,12.8,0.42,2.95,1.5,75.17,91.88,84.4,1020.9,-0.9,4.8,1.1,157.5,85.2,97,0.1,2,2,8.3,1.8,55,0.451,0.22,0.3333333333
16.01.2026 00:00:00,3.3,12.8,-0.76,1.56,0.8,85.59,91.18,88.7,1025.5,-0.9,1.8,1.7,157.5,88.2,96.9,0.2,2.1,1.6,8.4,0,47.1,0.358,0.17,0.1666666667
17.01.2026 00:00:00,3.5,12.8,-4.71,1.41,-1.7,60.34,91.49,79,1032.1,-5,0,1.6,135,88.5,97.1,-1.9,2.1,2,8.5,0,31.5,0.248,0.27,0
18.01.2026 00:00:00,3.1,12.9,-9.83,-3.11,-6.5,56.13,79.49,70.4,1036,-11.1,0,1.4,112.5,88.2,96.4,-6.4,1.9,2,8.5,0,25.7,0.204,0.2,0
19.01.2026 00:00:00,3.3,12.9,-10.31,-2.34,-6.6,68.72,83.15,77.9,1034.6,-9.8,0,0.9,45,87.4,93.8,-6.4,1.6,2,8.5,0,28.5,0.226,0.16,0
20.01.2026 00:00:00,3.4,12.9,-8.4,0.63,-4.2,61.09,82.18,73.1,1028.6,-8.4,0,1,67.5,85.1,92,-4.5,1.4,1.6,8.4,0,28.8,0.243,0.23,0
21.01.2026 00:00:00,3.2,12.9,-7.02,3.35,-3.1,50.97,78.91,69.2,1015.1,-8,0.2,0.6,202.5,85.3,90.8,-3.8,1.4,1.8,8.4,0,27.6,0.233,0.28,0
22.01.2026 00:00:00,3.5,12.9,-11.9,0.05,-5.9,51.25,84.97,68.7,1007.2,-10.8,0,2,135,84.4,89.1,-6.3,1.3,1.8,8.3,0,30.2,0.242,0.37,0
23.01.2026 00:00:00,3.3,12.9,-10.92,-4.47,-7.3,84.69,87.93,86.9,1009.1,-9.1,0.2,2.7,157.5,81,88.9,-6.9,1,1,8.2,0,30.9,0.232,0.13,0
24.01.2026 00:00:00,3.3,12.9,-6.3,-4.48,-5.5,82.52,86.8,84.7,1010.5,-7.6,0,2.6,90,80.2,87.3,-5.2,1,1,8.1,0,29.8,0.235,0.15,0
25.01.2026 00:00:00,3.5,12.8,-5.04,-2.62,-3.8,86,90.51,88,1008.4,-5.5,0,3,180,76.6,86.7,-3.6,1,1,8,0,35.4,0.283,0.18,0
26.01.2026 00:00:00,3.7,12.9,-2.7,3.24,0.5,85.86,90.44,88.6,1000.7,-1.2,2,1.5,202.5,82.5,87.6,-0.1,1.2,1,8.1,2.1,53.3,0.423,0.21,0.3333333333
27.01.2026 00:00:00,3.1,12.8,-1.7,0.93,0,81.3,91.01,87.9,1003.1,-1.8,0,0.4,247.5,83,89,-0.2,1.4,1,8.2,0.8,32.3,0.242,0.17,0
28.01.2026 00:00:00,2.7,12.8,-2.15,0.26,-1.1,80.32,89.99,85.9,1001.5,-3.1,0,0.9,22.5,85.2,90.1,-1.1,1.5,1.1,8.2,0,39.3,0.315,0.19,0
29.01.2026 00:00:00,2.8,12.8,-4.96,-1.39,-3.3,85.02,90.54,87.8,1005.4,-5,0.2,1.7,22.5,85.3,89.6,-3,1.5,1.1,8.3,0,26.7,0.2,0.15,0
30.01.2026 00:00:00,3.3,12.9,-7.35,-3.87,-4.9,83.78,89.56,86.8,1010.1,-6.7,0,2.8,112.5,83.4,89.1,-4.5,1.4,1,8.3,0,35,0.272,0.17,0
31.01.2026 00:00:00,4.1,12.9,-13.24,-7.35,-11.2,66.45,84.16,75.9,1017.8,-14.6,0,3.2,67.5,83.2,88.5,-10.9,1,1,8.2,0,32.5,0.295,0.25,0
01.02.2026 00:00:00,3.6,13,-16.33,-10.66,-13.5,62.83,81.69,73.2,1022.7,-17.3,0,2.8,112.5,35.3,61.3,-13.2,0.3,1,7.5,0,27.9,0.254,0.22,0
02.02.2026 00:00:00,3.5,13,-17.89,-10.27,-14.7,55.61,80.24,69.3,1020.7,-19.1,0,3.1,157.5,0,1.4,-14.4,-0.6,0.1,6.9,0,27.7,0.253,0.24,0
03.02.2026 00:00:00,3.9,13,-17.22,-7.54,-11.8,44.95,75.09,61.3,1019.1,-17.9,0,3.2,90,0,0.8,-11.7,-1.1,-0.7,6.7,0,39.8,0.356,0.47,0
04.02.2026 00:00:00,2.8,12.9,-8.76,-5.88,-7.1,65.88,88.18,83.4,1011.2,-9.4,0,2.8,67.5,0,0.8,-6.8,-0.4,-0.6,6.7,0,34.3,0.288,0.21,0
05.02.2026 00:00:00,3.7,12.8,-6.57,0.29,-2.4,88.16,90.92,89.6,1001.9,-3.9,0,2.6,202.5,0.1,0.8,-2.4,0.1,-0.1,6.8,1,45.2,0.373,0.21,0
06.02.2026 00:00:00,3.9,12.8,-0.3,1.66,0.6,90.86,91.5,91.2,998.1,-0.6,2,1.5,45,5.7,8.5,0.4,0.7,0.4,6.9,4.4,44.1,0.371,0.22,0
07.02.2026 00:00:00,3.3,12.8,-0.71,0.53,0,91.33,91.67,91.5,1005.2,-1.2,0,0.5,315,27.6,26.3,-0.1,0.8,0.9,7,4.5,28.2,0.238,0.16,0
08.02.2026 00:00:00,3.6,12.8,-3.2,-0.53,-1.5,84.03,91.59,88.6,1012.8,-3.1,0,1.7,202.5,62.1,37.4,-1.4,0.9,1,7.1,0,35.9,0.297,0.2,0
09.02.2026 00:00:00,4.1,12.9,-7.04,-3.05,-4.5,80.37,86.76,83.4,1017,-6.9,0.2,2.2,180,77.7,40.8,-4.2,0.9,1,7.1,0,50.8,0.453,0.24,0
10.02.2026 00:00:00,3.2,12.9,-6.43,1.67,-1.7,83.66,88.07,86.2,1005.8,-3.7,0.2,0.7,22.5,75.1,32.2,-1.8,0.8,1,7,0,25.1,0.228,0.18,0
11.02.2026 00:00:00,4.5,12.8,-1.01,6.42,2.5,73.13,89.17,83.4,991.9,-0.1,0.2,0.8,180,79.8,39.7,1.7,0.9,1,7.1,0.4,88.5,0.808,0.37,2.5
12.02.2026 00:00:00,4.1,12.8,2.31,8.17,4.8,84.7,90.97,88.4,984,3.1,1.6,0.3,112.5,87.9,88.7,3.6,1,1,7.2,7.4,46.9,0.421,0.28,0.1666666667
13.02.2026 00:00:00,2.7,12.8,-0.05,5.6,3.4,83.45,89.47,87.3,988.4,1.5,1.4,1.6,180,96,97.9,2.8,1.2,1,7.3,6,21.4,0.195,0.26,0
14.02.2026 00:00:00,1.6,12.9,-3.58,0.04,-1.9,84.65,89.26,87.1,1005.2,-3.8,0,1.2,180,96.2,97.7,-1.8,1.1,1,7.4,0,13.4,0.117,0.19,0
15.02.2026 00:00:00,2.4,12.8,-9.52,-3.32,-5.4,76.2,88.33,83.3,1015.9,-7.8,0,1.7,22.5,92.9,96,-5.1,1.1,1,7.5,0,26.6,0.197,0.19,0
16.02.2026 00:00:00,4.7,12.9,-11.93,-5.26,-8.1,69.46,86.03,77.8,1006.9,-11.3,0,2.2,90,90.4,93,-7.8,1,1,7.5,0,68.1,0.658,0.35,1.166666667
17.02.2026 00:00:00,4.3,12.8,-7.19,-0.81,-3.6,81.61,87.18,84.4,1003.8,-5.9,0.4,1,135,86.2,89.3,-3.4,1,1,7.2,0,49.3,0.471,0.24,0.3333333333
18.02.2026 00:00:00,4.1,12.8,-7.5,-1.43,-3.2,77.12,87.75,83.8,1011.5,-5.5,0.2,0.8,202.5,84.3,88.1,-3.2,1.1,1,7.2,0,73.9,0.673,0.29,1.666666667
19.02.2026 00:00:00,4.9,12.9,-11.62,-1.69,-6.5,65.33,87.95,78.9,1015,-9.6,0,0.4,157.5,82.3,87.1,-6.4,0.9,1,7.2,0,74.2,0.713,0.31,1.333333333
20.02.2026 00:00:00,5.3,12.9,-11.75,-0.76,-5.3,60.9,88.07,76.8,1025.8,-8.8,0,0.9,0,75,85.4,-5.3,0.8,1,7.1,0,80.8,0.801,0.36,1.85
21.02.2026 00:00:00,4.6,12.9,-9.38,3.4,-2.4,68.79,89.86,82.6,1019.6,-5,3.4,0.9,202.5,71.1,83.5,-2.5,0.8,1,7.1,5.7,70.2,0.662,0.29,1
22.02.2026 00:00:00,3.7,12.8,2.98,6.72,4.4,88.25,91.04,89.8,1014.9,2.8,13,1.3,247.5,79.6,85.3,3.8,0.9,1,7.2,17.8,29.6,0.283,0.26,0
23.02.2026 00:00:00,4.3,12.8,3.85,8.09,6.3,81.52,91.12,87.2,1008.7,4.3,5.2,1.7,202.5,98.1,97.6,5.7,1.2,1,7.3,9.3,59.8,0.591,0.4,1.166666667
24.02.2026 00:00:00,4.1,12.8,1.96,4.17,3.1,79.32,90.13,85.4,1015,0.9,2.2,1.9,315,98.6,98.1,2.8,1.3,1,7.4,5.5,39.7,0.387,0.33,0
25.02.2026 00:00:00,4.6,12.8,-2.77,2.06,0.5,71.1,89.13,82,1025.4,-2.2,1,1.3,337.5,98.1,98.1,0.4,1.3,1,7.5,5.9,76.6,0.753,0.39,1
26.02.2026 00:00:00,4.6,12.8,-3.34,6.69,1.2,54.19,85.85,73.5,1027.7,-3.1,0.2,1,22.5,96.4,97.6,0.7,1.3,1,7.6,0,37.7,0.392,0.45,0
27.02.2026 00:00:00,5.5,12.8,0.36,14.24,6.5,56.05,85.31,73.9,1022.8,2,0,0.7,225,95.4,97.5,5.2,1.6,1,7.8,0,104.8,1.126,0.74,3.666666667
28.02.2026 00:00:00,4.9,12.8,3.16,15.8,8.6,52.8,84.54,71,1021.7,3.4,0,0.6,157.5,95.7,97.4,6.6,1.9,1,8,0,93.7,0.998,0.8,2
01.03.2026 00:00:00,5.2,12.8,3.27,11.5,7.4,59.21,84.48,72.7,1023.9,2.7,0.4,1.3,337.5,96.6,97.5,6.4,2.1,1.1,8.4,1.8,113.8,1.21,0.88,3.166666667
02.03.2026 00:00:00,5.1,12.8,0.22,10.76,4.4,52.43,89.26,76.1,1026.9,0.3,0.6,0.5,270,96.7,97.6,3.1,2,1,8.8,5.3,145.2,1.526,0.83,4
03.03.2026 00:00:00,5,12.8,-1.39,13.29,5.2,49.48,87.57,70.2,1027.5,-0.1,0.2,0.4,292.5,96.4,97.6,3.5,2,1.3,9.1,0,138.8,1.493,0.96,4
04.03.2026 00:00:00,5.1,12.8,0.73,10.41,5.4,39.86,79.04,64.6,1026.4,-1,0,1,337.5,96.6,97.3,3.9,2.2,1.4,9.1,0,165.4,1.743,1.1,4.666666667
05.03.2026 00:00:00,5.6,12.8,-2.56,10.31,2.9,48.55,84.59,72.7,1027.6,-1.8,0,0.6,225,96,97.3,2.1,2.3,1.4,9.1,0,160.3,1.775,0.96,4.833333333
06.03.2026 00:00:00,5.1,12.9,-4.21,12.85,3.6,40.47,88.99,67.4,1027.9,-2.4,0,0.3,225,95.4,97.1,2.4,2.3,1.5,9.1,0.5,174.3,1.9,1.08,5.166666667
07.03.2026 00:00:00,5.2,12.9,-2.62,14.82,6.6,34.51,80.55,55.1,1028.6,-2.3,0,0.4,247.5,95.1,96.6,4.4,2.5,1.9,9,0,185.3,2.048,1.21,5.333333333
08.03.2026 00:00:00,5.5,12.9,-0.61,14.2,7.4,39.06,67.15,52.7,1031.2,-1.8,0,1.1,22.5,94.8,96.5,6,2.9,2.4,9,0,175.6,1.943,1.42,5.166666667
09.03.2026 00:00:00,5.5,12.9,3.37,16.34,9.4,38.15,71.98,55.1,1027.9,0.4,0.2,1.1,22.5,94.2,96.2,8,3.7,3,9,0,196.3,2.202,1.52,5.833333333
10.03.2026 00:00:00,5.7,12.9,3.41,15.91,9.7,43.52,70.23,59.2,1021,1.9,0,0.9,135,94.1,95.5,8.4,4.3,3.4,8.9,0,161.2,1.8,1.29,5.333333333
11.03.2026 00:00:00,5.9,12.9,5.66,17.61,10.8,44.42,77.11,63.2,1018.1,3.8,0.2,0.6,180,93.2,94.9,9.2,5.3,4.5,8.9,0,198,2.226,1.41,6.333333333
12.03.2026 00:00:00,5.4,12.9,4.67,14.69,8.9,61.28,87.54,73.9,1020.3,4.4,0,0.6,247.5,92.4,94,8.1,5.7,5,8.8,0.1,129.6,1.457,0.94,3.833333333
13.03.2026 00:00:00,5.9,12.9,1.69,16.52,9.7,51.96,89.94,72.1,1016,4.6,0,1,67.5,91.9,93.3,9.1,6,5.3,8.8,5.9,191.3,2.178,1.43,5
14.03.2026 00:00:00,5.9,13,6.21,17.99,11.9,36.34,74.19,54.5,1006.6,2.5,0.2,1.6,67.5,90.7,92.7,11.1,6.5,5.8,8.7,0,235.7,2.681,2.14,7
15.03.2026 00:00:00,6.1,13,5.34,15.62,9.5,48.91,82.89,63,1011.5,2.6,0,1.5,22.5,90.5,92.2,9.1,6.6,6,8.6,0.3,229,2.571,1.61,7
16.03.2026 00:00:00,5.1,12.8,3.75,9.96,5.9,71.61,86.88,81.9,1014.7,3.1,1,0.8,202.5,89.4,92.1,5.9,6.5,6,8.6,1.6,74.5,0.844,0.59,1.666666667
17.03.2026 00:00:00,5.7,12.9,3.13,8.82,5.4,60.82,86.6,75.4,1023.3,1.3,0.2,1,45,89,91.4,5.3,6.2,5.7,8.6,1.6,149.1,1.545,0.87,4
18.03.2026 00:00:00,7.2,13.1,1.97,13.19,7,53.79,83.37,71.2,1030,1.9,0,1.1,0,89.3,90.9,6.1,6,5.4,8.5,0,238.2,2.823,1.44,7.666666667
19.03.2026 00:00:00,6.8,13,-1.38,12.83,5.9,45.12,87.73,69.7,1025.1,0.5,0.4,0.7,0,88.3,90,5.3,5.9,5.2,8.4,0.7,212.1,2.513,1.35,6.333333333
20.03.2026 00:00:00,5.9,12.8,-1.91,9.19,5,62.74,83.84,74.6,1019.9,0.9,0,0.8,0,86.8,89.8,5.1,5.7,5,8.4,1.5,103.4,1.183,0.74,3.666666667
21.03.2026 00:00:00,6.8,13.1,1.55,10.57,5.7,48.26,84.72,66.8,1021.5,-0.3,0,1.4,22.5,86.7,88.8,5.2,5.9,5,8.3,0,222.1,2.598,1.37,6.5
22.03.2026 00:00:00,7.3,13.1,3.12,14.03,8.7,45.84,74.47,59,1021.9,0.9,0,2.4,90,85.9,88.7,8.2,5.9,5.2,8.2,0,258.3,3.041,2,7.5
23.03.2026 00:00:00,6.6,13,6.64,15.57,10.3,37.35,61.78,49.9,1018.4,0.1,0,0.6,112.5,86.4,88.1,9.5,6.7,6.3,8.2,0,202.8,2.443,1.53,5.833333333
24.03.2026 00:00:00,7.4,13.2,2.11,15.98,10.1,40.86,79.92,56.3,1017.8,1.5,0,0.7,180,85.8,87.5,9.2,7.1,6.6,8.1,0,244.5,2.912,1.78,8.833333333
25.03.2026 00:00:00,6.1,12.9,6.2,16.05,10.4,38.54,85.27,59.5,1002.7,2.4,1.4,1.3,180,85.6,87.5,10.2,7.4,7,8,3,145.5,1.735,1.59,6
26.03.2026 00:00:00,6.4,13,3.68,8.2,6,57.33,85.77,70.3,1005.3,0.9,0,2.1,225,84.2,86.7,6.1,7.4,7,7.9,0,153.2,1.821,1.12,7.5
27.03.2026 00:00:00,5.8,12.9,2.44,6.95,5.1,51.53,74.24,62.1,1016.4,-1.6,0.2,2.4,315,84.1,87.1,5.2,6.8,6.2,7.9,0,110.1,1.301,1.21,4.833333333
28.03.2026 00:00:00,6.7,13,3.27,12.74,7.4,54.49,75.12,64.7,1016,1.1,0,1.8,22.5,82.9,86.1,7.4,6.8,6.3,7.8,0,163.9,2.038,1.38,5.666666667
29.03.2026 00:00:00,8.4,13.2,3.81,12.91,7.3,56.98,80.61,69.9,1018.1,2.1,0,2.9,337.5,81.6,85.8,7.1,7.1,6.8,7.7,0,253.3,3.182,1.79,8.666666667
30.03.2026 00:00:00,7.5,13.2,2.37,11.96,6.9,40.29,85.36,63.3,1014.1,0,0.4,1,225,80.8,85.3,6.8,7,6.6,7.7,0,237.2,2.894,1.61,8.166666667
31.03.2026 00:00:00,6.7,13,3.89,10.11,6.4,52.21,79.56,67.7,1016.4,0.8,0.2,2.4,0,79,85.1,6.5,7.2,7,7.6,0.9,172.1,2.102,1.36,7.333333333
01.04.2026 00:00:00,8.7,13.3,0.33,12.29,6.3,43.03,82.68,63.8,1022.1,-0.4,0,1.8,315,75.8,84,5.7,6.7,6.3,7.6,0,323.2,4.055,1.98,10
02.04.2026 00:00:00,8,13.2,1.18,12.91,7.1,39.79,75.56,57.4,1015.4,-1.1,0,1.1,22.5,77,83.7,6.4,6.7,6.3,7.5,0,245.5,3.123,1.77,9.833333333
03.04.2026 00:00:00,6.7,13,-2.7,13.94,6.1,48.13,76.88,62.8,1013.8,-0.6,0,1.1,292.5,72.7,82.8,5.9,6.6,6.3,7.4,0,163.6,2.113,1.43,6.5
04.04.2026 00:00:00,6.7,12.9,2.1,13.12,8,43.32,83.87,69.3,1015.4,2.5,0,1.2,180,74.3,83.2,7.5,7,6.4,7.4,0.6,117.8,1.557,1.09,4.833333333
05.04.2026 00:00:00,8.2,13.2,0.8,20.46,10.9,46.86,84.91,65.1,1015.9,4.3,8,1.5,157.5,72.1,83.2,10,7.5,6.9,7.4,2.3,304.9,3.865,2.62,9.5
06.04.2026 00:00:00,7,13.1,3.49,10.89,7.8,42.15,86.65,64.2,1018.4,1,1.6,2.4,315,72.2,81.5,7.5,7.9,7.2,7.4,1.3,202.5,2.55,1.63,7
07.04.2026 00:00:00,6.9,13,3.04,10.04,6.1,46.15,74.12,62.5,1020.5,-0.6,0,3.1,315,67.7,81.3,5.9,7.2,6.8,7.4,0,164.6,2.152,1.62,7.833333333
08.04.2026 00:00:00,5.8,12.8,1.84,6.04,4,67.62,78.7,72.8,1025.2,-0.5,0.2,2.5,315,66.4,80.9,4,6.6,6,7.4,0,55.5,0.694,0.8,0.3333333333
09.04.2026 00:00:00,7,13,-0.77,7.48,2.7,44.37,83.03,66,1022.9,-3.3,0.2,2.2,337.5,66.8,80.9,2.9,6,5.1,7.3,0,141.4,1.815,1.07,4.333333333
10.04.2026 00:00:00,8.1,13.2,-2.12,10.53,4.5,39.92,76.7,58.4,1020.8,-3.2,0.4,1.1,180,67.7,80.9,4.3,5.9,5.1,7.3,0,275.6,3.638,1.7,9
11.04.2026 00:00:00,6.6,12.9,-1.08,10.72,5.8,45.94,77.41,57.9,1019.9,-2.1,0,0.6,45,64.7,80.5,5.8,6.6,5.7,7.3,0,147,1.905,1.23,6.166666667
12.04.2026 00:00:00,8.3,13.2,-3.38,14.97,7.1,39.62,84.96,57.1,1020.7,-1.5,0,1,45,65.2,81,7.2,6.8,6.1,7.3,0,274.9,3.606,2.17,10.33333333
13.04.2026 00:00:00,8,13.2,3.45,13.18,8.8,41.53,69.89,54.3,1021.3,-0.1,0.2,3,22.5,68.1,79.2,9,7.6,7,7.3,0,224.4,2.98,2.38,9.333333333
14.04.2026 00:00:00,6.7,12.9,7.41,14.73,10.3,50.35,74.12,58.9,1020.1,2.6,0,2,202.5,68.2,79.1,10.4,8.3,7.4,7.3,0,114.7,1.52,1.58,4.833333333
15.04.2026 00:00:00,6.9,12.9,5.02,14.99,11.1,56.59,79.89,69.4,1021.7,5.6,0,0.8,247.5,65.3,78.2,11.2,9.2,8.3,7.3,0,147.3,1.953,1.36,7.833333333
16.04.2026 00:00:00,7.3,13,1.2,16.71,10.1,42.48,86.26,62.6,1021,2.7,0,0.6,315,65.3,76.7,10.2,9.2,8.4,7.3,0,193.2,2.585,1.77,7.833333333
17.04.2026 00:00:00,9,13.2,4.63,15.8,10.9,39.16,79.42,59.4,1021.5,3,0,1.5,337.5,67.8,77,10.7,9.6,8.9,7.2,0,341.2,4.612,2.74,9
18.04.2026 00:00:00,9.1,13.3,1.67,17.61,10,44.24,87.03,66.4,1021.5,3.6,0,1.1,22.5,67.2,75.9,9.8,9.3,8.5,7.2,0.2,353.4,4.843,2.67,11
19.04.2026 00:00:00,7.9,13.1,5.1,19.1,13.4,39.85,78.7,55.1,1015,4,0,0.8,67.5,61.9,75.5,13,9.7,8.7,7.2,0,235.4,3.269,2.38,9.166666667
20.04.2026 00:00:00,5.7,12.8,4.52,12.37,8,68.01,86.99,82.5,1014.4,5.2,7.8,0.6,202.5,58.8,74.2,7.9,9.8,9,7.2,7.5,57.3,0.73,0.57,1.166666667
21.04.2026 00:00:00,9.2,13.2,2.95,13.83,8.4,34.2,76.27,50.4,1020.3,-1.7,0,1.7,67.5,58.6,73.3,8.1,9,8,7.2,0,325.8,4.573,2.65,8.833333333
22.04.2026 00:00:00,9.4,13.3,1.48,15.48,9.2,34.65,74.93,52.1,1020.5,-0.6,0,2,45,56.8,72.8,9.1,8.6,7.7,7.2,0,367.3,5.152,2.95,10.66666667
23.04.2026 00:00:00,9.1,13.3,6.48,16.19,11.5,43.77,63.82,53.1,1015.9,2.2,0,2.4,292.5,59.8,72.3,11.5,9.2,8.3,7.2,0,315,4.421,2.94,10
24.04.2026 00:00:00,8.1,13.1,0.33,16.4,9.8,51.3,78.85,65.3,1014.4,3.5,0,1.5,22.5,59.7,72.1,10,9.5,8.5,7.2,0,210.1,2.953,2,7
25.04.2026 00:00:00,9,13.2,5.93,16.37,11.5,42.95,83.12,64,1009.9,4.6,0,2.1,270,56.4,72,12,10.1,9.2,7.2,0,308.7,4.282,2.59,10.83333333
26.04.2026 00:00:00,8.7,13.2,0.42,11.58,7.1,31.02,74.33,53.2,1018,-2.3,0,3.3,292.5,59.1,70.9,7.5,9.9,9.1,7.2,0.1,266,3.777,2.5,8.5
27.04.2026 00:00:00,8.6,13.2,1.21,13.16,7.9,37.71,56.31,46.3,1023.1,-3,0,1.5,22.5,55.7,69,8,9.1,8.1,7.1,0,271.3,3.81,2.35,9.333333333
28.04.2026 00:00:00,9.2,13.2,-0.67,11.72,6.3,35.96,71.72,49.9,1025.3,-3.7,0.2,1.6,315,49.8,69.4,6.8,8.8,8,7.1,0,348.8,5.007,2.52,10.5
29.04.2026 00:00:00,9,13.2,-1.43,8.77,4.5,41.29,73.89,52.9,1028.7,-4.5,0,1.7,22.5,53.6,69.7,5.2,8.6,8,7.1,0,277.9,3.99,1.96,11
30.04.2026 00:00:00,9.4,13.3,-4.17,13.98,6.6,35.04,77.61,52.9,1030.4,-2.9,0.4,1.1,22.5,51.3,68.2,7.3,8.5,7.6,7.1,0,334.2,4.637,2.48,10.66666667
01.05.2026 00:00:00,9.4,13.3,6.04,20.67,13.7,39.52,74.92,51.7,1026.5,3.7,0,1.6,292.5,54.5,70.4,14.3,10.2,8.9,7.1,0,369.4,5.362,3.5,11.5
02.05.2026 00:00:00,9.2,13.3,3.17,25.34,15.5,31.78,83.35,53.3,1023.1,5,0,0.6,45,58.9,72.3,16.2,11.5,10.4,7.1,0,369.3,5.337,3.61,11.35
03.05.2026 00:00:00,9.1,13.3,7.23,27.35,19.2,27.74,73.17,45.1,1016.7,6.1,0,1,157.5,59.2,74.5,19.3,12.9,11.8,7.2,0,387.4,5.575,4.12,11.66666667
04.05.2026 00:00:00,9,13.2,12.95,27.05,19.9,35.91,62.63,45.7,1012.7,7.6,0,1.1,180,59.2,74.5,20.4,14,12.9,7.2,0,339.5,4.984,3.8,11.16666667
05.05.2026 00:00:00,8.9,13.2,12.29,28.72,20.9,26.63,78.51,49.8,1008.2,8.9,0,1.1,135,58,74.9,21.3,14.8,13.5,7.2,0,316.7,4.65,3.83,11.66666667
06.05.2026 00:00:00,8.8,13.2,11.96,24.39,18.6,43.62,84.57,62.4,1004.9,10.8,0.6,1.2,202.5,58.2,73.7,19.2,15.1,13.9,7.2,0.6,289.2,4.245,3.1,11.5
07.05.2026 00:00:00,6.5,12.8,8.71,14.51,11.9,78.01,88.77,84.7,1009.9,9.4,1.4,1.4,0,53.4,70.5,12.2,14.3,13.4,7.2,2.9,88.9,1.245,0.92,5
08.05.2026 00:00:00,6.7,12.8,7.11,11.16,8.9,73.97,87.63,82.6,1018,6.1,0,1,315,51.1,67.8,9.1,12.7,11.6,7.1,2.9,65.3,0.921,0.69,2.166666667
09.05.2026 00:00:00,8,13,7.55,15.03,10.6,53.31,85.34,72.1,1020.3,5.5,0,1.2,337.5,55.5,65.7,11.1,12.2,11,7.1,0,162.7,2.354,1.45,5.666666667
10.05.2026 00:00:00,9.2,13.3,5.53,21.34,13.5,38.53,85.29,60.1,1016,5.4,0,0.7,225,54.9,67.5,14.9,13,11.7,7.1,0,327.2,4.854,3.04,11.33333333
11.05.2026 00:00:00,7.7,13,9.15,21.58,14.4,52.57,86.39,69.1,1002.6,8.6,2.6,1.3,67.5,45.4,68.1,14.6,13.5,12.1,7.1,0.8,152.6,2.3,1.78,7
12.05.2026 00:00:00,7.4,12.9,6.41,12.9,10,51.2,88.17,73.6,1001.7,5.4,5.6,2,202.5,45.8,62.3,10.2,12.6,10.9,7.1,4.8,161.4,2.249,1.45,6.333333333
13.05.2026 00:00:00,7.5,12.9,4.56,13.26,8.5,54.91,82.37,69.9,1003.8,3.1,0,1.6,247.5,45.5,45.5,8.9,11.6,10.2,7.1,0.9,141.4,2.037,1.42,5.333333333
14.05.2026 00:00:00,8.4,13.1,6.93,17.69,12.4,49.07,78.77,64,1001.6,5.6,0.4,1.1,225,45.1,51.1,13,12.1,10.5,7.1,0.4,220.3,3.388,2.2,8.516666667
15.05.2026 00:00:00,7.8,12.9,8.94,17.5,12.1,52.6,86.97,72.7,1000.6,7.2,5.8,1.2,135,42.4,55.3,12.3,12.5,11,7.1,3.3,157.1,2.353,1.59,7.85
16.05.2026 00:00:00,7.7,13,5.53,14.64,10.7,61.2,89.78,77.8,1004.4,6.8,0,1,292.5,43.9,45.9,11,12.3,11,7.1,5.1,150.1,2.245,1.42,8.833333333
17.05.2026 00:00:00,7.1,12.9,9.02,14.62,11.6,48.56,80.52,67.7,1013.5,5.6,0.4,1.3,337.5,37.7,44.1,11.6,12.3,11,7.1,1.1,116.5,1.64,1.52,5.5
18.05.2026 00:00:00,7.4,12.9,10.22,15.96,11.9,62.14,85.18,72.8,1014.3,7.1,0,1.4,202.5,42.5,44.8,12.2,12.3,11,7.1,0,125.6,1.892,1.46,5.833333333
19.05.2026 00:00:00,8,13,7.99,17.65,12.7,60.79,87.46,74.7,1017.6,8.2,0,1,270,40,41.1,13.2,12.8,11.3,7.1,0,179,2.619,1.74,8.833333333
20.05.2026 00:00:00,9.3,13.2,6.48,24.07,15.7,39.16,89.15,64.7,1020.7,8.4,0,0.8,292.5,40,41.9,17.3,14.2,12.5,7.1,0.7,353.9,5.433,3.72,10.5
21.05.2026 00:00:00,8.3,13,9.94,20.97,15.7,54.3,84.12,70.4,1023.4,10.2,1,1.2,180,42.3,45.6,16.2,15.1,13.7,7.2,0.4,184.9,2.866,2.23,6.833333333
22.05.2026 00:00:00,9.6,13.2,6.83,22.44,16.1,43.47,87.36,63.4,1027.5,8.6,0,1.3,0,38.3,42.8,17.4,15.4,13.7,7.2,0,333.8,5.178,3.59,11.66666667
23.05.2026 00:00:00,9.1,13.2,7.47,24.94,16.9,50.34,88.16,68.3,1027.9,10.7,0,0.9,0,40.1,37,18.1,16,14.4,7.2,0,261.4,4.065,2.92,10.85
24.05.2026 00:00:00,8.9,13.2,8.77,27.92,19.1,44.51,88,69.4,1026.1,12.9,3.4,0.9,180,39.7,32.7,20.4,17,15.2,7.2,0.7,259.3,4.077,3.22,9.666666667
25.05.2026 00:00:00,9.7,13.3,11.24,25.38,19.1,44.87,75.68,59.1,1028.5,10.7,0,1.7,337.5,35.4,30.7,20.5,17.6,15.8,7.2,0,380,5.957,4.29,11.66666667
26.05.2026 00:00:00,9.7,13.3,14.31,26.91,21.4,44.36,77.29,58.1,1023.8,12.5,0,2,315,36.1,29.2,22.9,18.5,16.7,7.2,0,360.3,5.658,4.44,11.66666667
27.05.2026 00:00:00,9.7,13.2,12.22,22.72,19.3,33.97,71.46,50.1,1017.2,8.2,0,2.4,22.5,34.9,17.1,20.6,19,17.4,7.2,0,320.9,5.094,4.37,10.66666667
28.05.2026 00:00:00,9.1,13.2,8.87,19.75,14.5,35.59,70.16,52.2,1021,4.5,0,1.6,22.5,32.7,18.8,15.8,18,16.2,7.2,0,284.6,4.508,3.32,11
29.05.2026 00:00:00,9.8,13.3,3.68,23.02,15.5,35.23,81.05,51,1021.9,4.7,0,1.4,337.5,26.1,21.8,17.4,17.6,15.6,7.2,0,376.5,5.902,4.24,12.16666667
30.05.2026 00:00:00,7.6,12.9,8.18,21.75,15.8,55.6,83.56,69.4,1014.3,10.2,0.2,1.4,247.5,26.9,13.8,15.9,17.3,15.3,7.1,1.4,124.1,2.002,1.84,6.483333333
31.05.2026 00:00:00,8.3,12.9,13.09,20.79,16.9,53.54,77.62,66.2,1011.5,10.4,0,1.3,270,22.6,7.5,17.5,17,15,7.1,0,202.8,3.256,2.45,9.5
01.06.2026 00:00:00,8.4,13,10.18,22.68,16.7,49.3,83.92,68.1,1011.7,10.6,0,0.9,315,21.4,14.2,17.6,17.2,14.9,7.1,0,192.6,3.062,2.38,9.333333333
02.06.2026 00:00:00,8.9,13.1,7.86,24.83,17.7,42.83,89.59,63.5,1012.3,10.1,0,1,180,19.8,16.3,19.6,17.6,15.2,7.1,0.7,298.2,4.734,3.49,10.33333333
03.06.2026 00:00:00,8.5,13.1,12.56,26.39,19.3,45.41,87.2,69.1,1007.8,13.1,5,1.7,180,18.7,15.4,21.5,18.8,16.3,7.1,1.4,317.3,4.624,3.49,9.166666667
04.06.2026 00:00:00,8.3,13,14,23.81,18.1,53.52,87.67,72.8,1008.9,12.9,0.2,1,202.5,13.7,16.3,18.9,18.7,16.3,7.1,0.9,220,3.418,2.48,8.666666667
05.06.2026 00:00:00,7.3,12.9,11.14,22.12,16,66.12,88.82,80.2,1011.1,12.4,3.8,1,202.5,15,21.3,16.4,18.1,15.8,7.1,4.9,139.7,2.196,1.71,7
06.06.2026 00:00:00,8.8,13.1,9.93,24,17.2,46.78,89.75,68.8,1017.8,10.9,0,0.6,202.5,18.2,16.3,18.2,17.6,15,7.1,6.1,273,4.379,3,9.5
07.06.2026 00:00:00,8.4,13,9.9,25.41,18.7,45.94,84.46,64.1,1019,11.5,0,1,22.5,18.7,14.4,19.3,18.1,15.5,7.1,0,231.9,3.749,3.04,10.66666667
08.06.2026 00:00:00,8.4,13,12.36,24.22,18.1,47.52,82.07,65.6,1019.3,11.3,0,1,202.5,17.2,12.4,18.7,18.2,15.6,7.1,0.1,248.9,3.992,2.93,10.83333333
09.06.2026 00:00:00,8,13.1,11.06,29.83,19.6,43.37,85.76,67.7,1013.3,12.9,4.4,1.1,180,13.3,24.1,20.9,18.8,16.1,7.1,1.8,250,3.827,3.25,8.166666667
10.06.2026 00:00:00,7.8,12.8,10.36,18.38,14.1,65.11,88.24,81.5,1017.2,10.9,10.8,0.7,135,14,25.6,14.3,17.8,15.3,7.1,5.3,97.3,1.515,1.18,3.85
11.06.2026 00:00:00,7.1,12.9,9.93,15.84,12.3,65.91,90.14,81.5,1015.2,9.1,9.2,1.3,337.5,13.8,25,12.4,15.8,13.5,7.1,7.6,86.5,1.315,1.03,3.483333333
12.06.2026 00:00:00,9.2,13.2,7.16,21.55,15.3,44.82,88.86,65.9,1019.1,8.5,0.2,0.9,202.5,16.1,16.2,16.7,16.3,13.7,7.1,0.6,332.9,5.147,3.32,10.66666667
13.06.2026 00:00:00,6.9,13,11.51,19.85,14.4,57.04,88.08,80.5,1012.7,10.9,17.2,1,180,12.9,19,15,17.1,14.5,7.2,5.5,194.5,2.901,1.92,5.166666667
14.06.2026 00:00:00,8.5,13.1,10.04,16.81,12.4,59.09,87.96,77.9,1007.9,8.6,2.6,2,270,57.9,22.8,13.2,16.4,13.9,7.8,1.3,205.6,3.217,2.06,7.333333333
15.06.2026 00:00:00,7.3,12.9,11,16.4,13.1,62.67,86.79,76.7,1008.1,9,2.4,1.9,22.5,90.3,39,13.3,15.7,13.2,8.1,2.6,124.9,1.846,1.52,4.833333333
16.06.2026 00:00:00,8.9,13.1,9.42,20.6,14.4,49.83,87.87,70.2,1013.4,8.8,0.4,1.7,247.5,89.8,61.1,15,15.6,13.2,8.1,1,252.6,4.066,2.71,11.5
17.06.2026 00:00:00,10.3,13.3,7.51,22.44,15.5,44.73,86.49,64.8,1016.8,8.4,0,1.2,22.5,89.7,68,17.2,16.8,13.8,8,0,404.1,6.542,4.11,12.33333333
18.06.2026 00:00:00,8.6,13,10.08,25.4,18.9,52.57,86.99,68.9,1019.2,12.8,0,0.6,202.5,88.6,72.2,19.4,18.2,15.3,7.9,1.2,197.5,3.203,2.54,8.166666667
19.06.2026 00:00:00,9.3,13.2,12.75,28.75,22.1,52.46,90.44,68,1020.4,15.6,0,1.2,22.5,86.4,75.2,23.6,19.4,16.4,7.8,4.1,324.6,5.24,4.08,11.83333333
20.06.2026 00:00:00,9.3,13.2,19.85,33.02,26.3,47.91,73.02,60.1,1020.9,17.8,0,1.1,135,86.6,75.1,28.1,21.7,18.7,7.8,0,348.8,5.55,4.48,10.83333333
21.06.2026 00:00:00,8.8,13.1,19.14,28.98,24.3,56.46,81.9,71.9,1023.3,18.8,0,1.1,247.5,84.2,73.7,25,22.6,19.8,7.7,0,258.2,4.183,3.26,10.83333333
22.06.2026 00:00:00,9.3,13.2,18.28,28.03,23,41.07,85.65,66.7,1022.8,16,0.2,1.6,45,81.8,71.7,24,22.4,19.5,7.6,0,314.2,4.983,3.89,10.5
23.06.2026 00:00:00,9.6,13.3,13.14,25.81,20.6,33.04,79.85,58.5,1021.3,11.7,0,1.1,0,76.9,70.3,22.2,22.1,19.4,7.5,0,335.5,5.487,4.12,12.66666667
24.06.2026 00:00:00,9.5,13.3,9.46,28.74,20.7,34.95,86.31,56,1019.3,10.7,0,0.8,180,75.1,67,22.6,22,19,7.4,0,353.7,5.727,4.42,12.33333333
25.06.2026 00:00:00,9.4,13.2,12.58,32.34,24.1,41.22,83.76,58.2,1017.6,14.7,0,0.9,337.5,73.4,66.4,25.8,22.8,19.6,7.4,0,341.5,5.529,4.63,11
26.06.2026 00:00:00,9.6,13.3,15.65,32,25.3,39.51,84.09,57.7,1018.9,15.7,0,1.2,337.5,74.7,62.9,27.2,23.8,20.2,7.4,0,358.9,5.836,4.9,11.83333333
27.06.2026 00:00:00,9.3,13.2,20.73,37.33,29.3,33.59,65.78,48.5,1020,16.9,0,1,45,73,58.8,31.1,25,21.1,7.3,0,379,6.143,5.34,12.16666667
28.06.2026 00:00:00,9,13.2,19.38,39.57,31.7,32.95,79.09,50,1017.1,19.2,0,0.7,180,74.8,52.8,33.1,27,22.1,7.3,0,353.4,5.722,5.23,12.36666667
29.06.2026 00:00:00,9.5,13.2,22.19,35.4,30.3,43.84,72.72,53,1017.1,19.4,0,1.4,22.5,71.8,46.8,31.8,26.8,22.6,7.3,0,340.3,5.512,5.17,12.5
30.06.2026 00:00:00,9.5,13.2,21.38,32.24,26.9,43.81,77.22,57.8,1020.4,17.6,0,1.7,157.5,69.9,40.9,29.3,26.3,22.1,7.3,0.2,343.3,5.584,4.92,10.66666667
01.07.2026 00:00:00,8.7,13.2,17.61,30.55,24.2,56.23,81.06,66.9,1014.4,17.5,0,2.1,67.5,66,34.9,25.8,26,22.1,7.3,0,259.2,4.142,3.81,11
02.07.2026 00:00:00,9,13.2,16.19,27.66,21.5,43.42,84.33,62.7,1016.2,13.6,0,1.7,337.5,58.6,24.2,23.1,24.6,20.7,7.2,0,263.8,4.231,3.54,7.666666667
03.07.2026 00:00:00,8.9,13.2,15.86,23.54,19.8,41.54,82.88,57,1016.4,10.8,0.2,2.1,225,51.9,18.5,21.3,23.9,20.2,7.2,0.5,305.9,4.699,3.8,9.166666667
04.07.2026 00:00:00,8.3,13,12.51,22.24,16.8,45.46,71.18,61.1,1017.9,9.2,0,2.1,270,46.2,18.7,17.7,22.3,18.6,7.1,0,224.3,3.564,2.84,9.666666667
05.07.2026 00:00:00,8.1,12.9,12.07,21.62,15.7,65.59,87.89,77,1013,11.6,3.2,1.5,315,42.3,17.5,16,20.9,17.3,7.1,2.2,155.5,2.517,1.72,7
06.07.2026 00:00:00,9.5,13.2,11.14,22.46,17.1,42.9,83.96,63.9,1012.8,9.9,0.2,1.8,225,28.6,21.8,18.5,20.3,16.4,7.1,0.1,293.6,4.559,3.41,10.83333333
07.07.2026 00:00:00,7.6,12.9,15.55,22.31,18.2,55.54,89.27,76.4,1007.4,13.8,6.2,2.1,22.5,24.8,31.4,18.1,20.3,16.2,7.1,6.1,125.4,1.894,1.85,6.333333333
08.07.2026 00:00:00,8.5,13,11.53,19.43,14.8,53.52,87.23,75.5,1007.5,10.4,3.2,2,337.5,18.6,23.7,15.5,19.2,15.2,7.1,2.7,215.6,3.392,2.3,7
09.07.2026 00:00:00,8.4,13.1,12.36,21.46,16.5,48.67,83.8,67.6,1010.8,10.2,0.4,1.7,22.5,20.9,18.9,17.1,18.9,14.9,7,1,242.9,3.735,2.84,8.333333333
10.07.2026 00:00:00,8.1,12.9,12.44,21.68,16.8,52.9,76.57,66.1,1013.4,10.4,0,1.4,0,17.1,19.4,17.4,18.8,14.9,7,0.1,168.6,2.632,2.26,8.333333333
11.07.2026 00:00:00,7.9,13,12.22,22.99,16.6,54.21,88.94,74.4,1016.7,11.9,0.4,1.3,337.5,16.3,18.8,17.4,18.7,14.7,7,0.7,173.5,2.695,2.1,7.333333333
12.07.2026 00:00:00,6.9,12.8,12.22,19.84,15.6,78.75,90.09,86.5,1015.9,13.3,5.4,0.8,180,17.7,30.7,15.6,18.5,14.6,7.1,6.6,69.5,1.039,0.9,2.65
13.07.2026 00:00:00,7.9,12.9,11.59,26.7,19,59.64,90.54,80.4,1019.2,15.3,2.4,1.4,270,16.2,21.1,19.1,18.5,14.3,7,5.9,189,3.034,2.26,8
14.07.2026 00:00:00,8.9,13.2,15.44,26.87,21.3,51.8,89.62,69.9,1019.7,15.2,0.2,1.4,22.5,21.2,20.1,22.8,20.2,15.7,7.1,0,313.2,4.862,3.58,10.33333333
15.07.2026 00:00:00,7.9,13,15.86,27.44,20.5,55.62,88.09,74,1020.1,15.5,3.8,1.3,22.5,21.9,18.4,21.4,21,16.7,7.2,2.1,188.4,3.055,2.56,8.333333333
16.07.2026 00:00:00,8.8,13.1,16.66,29.34,23,50.93,85.22,67.2,1020,16.3,0,0.9,180,19.4,24.4,23.8,21.4,17,7.2,0,274.4,4.357,3.44,10.16666667
17.07.2026 00:00:00,8.9,13.2,16.98,33.25,26.3,40.66,87.64,57.9,1014,16.9,6.8,1.1,45,20,24.7,27.7,22.7,18.4,7.2,1.6,317.2,4.983,4.33,10.33333333
18.07.2026 00:00:00,8.4,13.1,16.13,26.94,21.7,52.2,89.92,73.3,1009.6,16.4,3.4,1.2,247.5,20.3,21.2,22.2,22.6,18.5,7.2,1.6,256.1,3.978,3.06,11.16666667
19.07.2026 00:00:00,7.2,13,12.96,26.46,18.3,50.51,89.86,75.7,1012.7,13.5,14.2,0.9,337.5,18.5,23.4,19.4,21.6,17.5,7.2,5.8,224.4,3.34,2.55,7.5
20.07.2026 00:00:00,8.3,13,12.36,20.16,15.6,52.27,90.12,77.5,1015.2,11.5,3.8,1.6,247.5,14.5,19.1,16.1,19.9,15.6,7.2,1.9,217.2,3.316,2.18,8.5
21.07.2026 00:00:00,6.6,12.8,12.51,17.72,14.3,69.47,89.46,83.5,1015.7,11.5,4.4,1.8,0,17.3,23.2,14.3,18.3,14.3,7.1,7.1,68,0.972,0.93,2
22.07.2026 00:00:00,8.4,13.1,8.54,23.45,16.7,40.35,86.94,64.5,1016,9.6,0,1.2,337.5,19.7,17.9,17.3,18.1,13.8,7.1,0.1,241.9,3.755,2.85,9.5
23.07.2026 00:00:00,7.2,12.9,13.16,17.53,14.5,69.72,89.38,83.1,1010.7,11.6,13.4,1.4,225,17.8,13.1,14.7,18,13.9,7.1,8,112.6,1.733,1.18,5